Age 0 to age 1 mortality with PE for cultivation/depensation ms,,,,,,,,,,,,,,,,,,,
,,,,,,,,,,,,,Lagged,,,,,,
WBICYR(Age 0),MWBC,COUNTY,LAKE,AREA,YEAR,WRC (at Age0),Avg AGE0CPE (t),Avg Age1CPE (t+1),Adult PE (t),Adult no./acre,Surv.,M,S,M,,,Age0,M,
23296002004,2329600,VILAS,ALDER L,274,2004,C-NR,32.5641026,4.1025641,1664,6.072992701,0.13,0.87,,,,,36.9047619,0.864516129,
21281002012,2128100,EAU CLAIRE,ALTOONA L,840,2012,NR,190.5,62.25,3035,3.613095238,0.33,0.67,,,,,16.1904762,0.602941178,
29538001995,2953800,VILAS,ANNABELLE L,213,1995,NR,36.9047619,31.4285714,362,1.699530516,0.85,0.15,0.135483871,0.864516129,,,72.7586207,0.971563981,
29538001996,2953800,VILAS,ANNABELLE L,213,1996,NR,16.1904762,5,308,1.44600939,0.31,0.69,0.397058822,0.602941178,,,58.6206897,0.676470589,
29538001997,2953800,VILAS,ANNABELLE L,213,1997,NR,20.4761905,6.4285714,814,3.821596244,0.31,0.69,,,,,55.8908046,0.938303341,
29538001999,2953800,VILAS,ANNABELLE L,213,1999,NR,70.2380952,33.5714286,990,4.647887324,0.48,0.52,,,,,140,0.939244664,
29538002003,2953800,VILAS,ANNABELLE L,213,2003,NR,5.862069,3.3333333,304,1.427230047,0.57,0.43,,,,,,,
29538002009,2953800,VILAS,ANNABELLE L,213,2009,NR,16.4285714,13.5714286,455,2.136150235,0.83,0.17,,,,,,,
29538002011,2953800,VILAS,ANNABELLE L,213,2011,NR,26.9047619,3.3333333,622,2.920187793,0.12,0.88,,,,,,,
29538002015,2953800,VILAS,ANNABELLE L,213,2015,NR,14.2857143,3.0952381,1273,5.976525822,0.22,0.78,,,,,,,
29538002017,2953800,VILAS,ANNABELLE L,213,2017,NR,1.4285714,1.19047619,520,2.441314554,0.83,0.17,,,,,,,
9688001991,968800,VILAS,ANVIL L,398,1991,NR,25,4.375,4453,11.18844221,0.18,0.83,,,,,,,
9688002006,968800,VILAS,ANVIL L,398,2006,NR,1.7777778,0,1880,4.72361809,0.00,1.00,,,M,,,,
9688002015,968800,VILAS,ANVIL L,398,2015,NR,6.6666667,0.4166667,1078,2.708542714,0.06,0.94,,,,,,,
4174002011,417400,OCONTO,ARCHIBALD L,393,2011,C-ST,2.3943662,0,459,1.167938931,0.00,1.00,,,,,,,
27340002015,2734000,BAYFIELD,ATKINS L,176,2015,C-NR,0.8695652,0,156,0.886363636,0.00,1.00,,,,,,,
26206001987,2620600,POLK,BALSAM L,2054,1987,C-,2.5110132,0.3333333,3845,1.871957157,0.13,0.87,,,,,,,
21128002016,2112800,WASHBURN,BALSAM L,295,2016,NR,3.7735849,0.5660377,552,1.871186441,0.15,0.85,,,,,,,
24519001993,2451900,WASHBURN,BASS-PATTERSON L,188,1993,NR,40.6896552,5.5172414,1104,5.872340426,0.14,0.86,,,,,,,
24519001995,2451900,WASHBURN,BASS-PATTERSON L,188,1995,NR,72.7586207,8.2758621,2294,12.20212766,0.11,0.89,0.028436019,0.971563981,,,,,
24519001996,2451900,WASHBURN,BASS-PATTERSON L,188,1996,NR,12.0689655,2.0689655,2013,10.70744681,0.17,0.83,,,,,,,
24519001998,2451900,WASHBURN,BASS-PATTERSON L,188,1998,NR,58.6206897,14.78448275,911,4.845744681,0.25,0.75,0.323529411,0.676470589,,,,,
24519001999,2451900,WASHBURN,BASS-PATTERSON L,188,1999,NR,55.8908046,18.9655172,775,4.122340426,0.34,0.66,0.061696659,0.938303341,,,,,
24519002000,2451900,WASHBURN,BASS-PATTERSON L,188,2000,NR,140,3.4482759,993,5.281914894,0.02,0.98,0.060755336,0.939244664,,,,,Age 0
24519002001,2451900,WASHBURN,BASS-PATTERSON L,188,2001,NR,39.6551724,8.5057471,865,4.60106383,0.21,0.79,,,,,,,
24519002002,2451900,WASHBURN,BASS-PATTERSON L,188,2002,NR,15.05747127,1.0344828,702,3.734042553,0.07,0.93,,,,,,,
24519002003,2451900,WASHBURN,BASS-PATTERSON L,188,2003,NR,8.9655172,1.0344828,609,3.239361702,0.12,0.88,,,,,,,
24519002004,2451900,WASHBURN,BASS-PATTERSON L,188,2004,NR,71.3793103,9.1954023,1104,5.872340426,0.13,0.87,,,,,,,
24519002005,2451900,WASHBURN,BASS-PATTERSON L,188,2005,NR,14.3678161,1.3793103,987,5.25,0.10,0.90,,,,,,,
24519002006,2451900,WASHBURN,BASS-PATTERSON L,188,2006,NR,221.0344828,25.862069,722,3.840425532,0.12,0.88,,,,,,,
24519002007,2451900,WASHBURN,BASS-PATTERSON L,188,2007,NR,116.5517241,9.6551724,625,3.324468085,0.08,0.92,,,,,,,
24519002008,2451900,WASHBURN,BASS-PATTERSON L,188,2008,NR,95.5172414,10,653,3.473404255,0.10,0.90,,,,,,,
24519002009,2451900,WASHBURN,BASS-PATTERSON L,188,2009,NR,63.1034483,8.9655172,719,3.824468085,0.14,0.86,,,,,,,
24519002010,2451900,WASHBURN,BASS-PATTERSON L,188,2010,NR,12.0689655,0.6896552,734,3.904255319,0.06,0.94,,,,,,,
24519002011,2451900,WASHBURN,BASS-PATTERSON L,188,2011,NR,177.2413793,13.1034483,649,3.45212766,0.07,0.93,,,,,,,
24519002012,2451900,WASHBURN,BASS-PATTERSON L,188,2012,NR,1.0344828,0.3448276,754,4.010638298,0.33,0.67,,,,,,,
24519002013,2451900,WASHBURN,BASS-PATTERSON L,188,2013,NR,0.3448276,0,1268,6.744680851,0.00,1.00,,,,,,,
24519002014,2451900,WASHBURN,BASS-PATTERSON L,188,2014,NR,5.1724138,0,1302,6.925531915,0.00,1.00,,,,,,,
24519002015,2451900,WASHBURN,BASS-PATTERSON L,188,2015,NR,10,0,909,4.835106383,0.00,1.00,,,,,,,
24519002016,2451900,WASHBURN,BASS-PATTERSON L,188,2016,NR,0.3448276,0,453,2.409574468,0.00,1.00,,,,,,,
24519002017,2451900,WASHBURN,BASS-PATTERSON L,188,2017,NR,27.2413793,0.344827586,477,2.537234043,0.01,0.99,,,,,,,
15236001990,1523600,ONEIDA,BEARSKIN L,400,1990,NR,74.2857143,16.25,2696,6.74,0.22,0.78,,,,,,,
15236002000,1523600,ONEIDA,BEARSKIN L,400,2000,NR,60.1785714,6.9642857,3076,7.69,0.12,0.88,,,,,,,
15236002002,1523600,ONEIDA,BEARSKIN L,400,2002,NR,21.25,6.6071429,2984,7.46,0.31,0.69,,,,,,,
15236002004,1523600,ONEIDA,BEARSKIN L,400,2004,NR,217.5,15.3571429,7467,18.6675,0.07,0.93,,,,,,,
15236002006,1523600,ONEIDA,BEARSKIN L,400,2006,NR,193.3928571,72.5,3787,9.4675,0.37,0.63,,,,,,,
15236002008,1523600,ONEIDA,BEARSKIN L,400,2008,NR,132.4,75,4349,10.8725,0.57,0.43,,,,,,,
15236002010,1523600,ONEIDA,BEARSKIN L,400,2010,NR,55.1785714,3.0357143,4039,10.0975,0.06,0.94,,,,,,,
15236002012,1523600,ONEIDA,BEARSKIN L,400,2012,NR,102.3214286,43.3928571,3946,9.865,0.42,0.58,,,,,,,
15236002014,1523600,ONEIDA,BEARSKIN L,400,2014,NR,46.6071429,18.3928571,6863,17.1575,0.39,0.61,,,,,,,
15236002015,1523600,ONEIDA,BEARSKIN L,400,2015,NR,58.5714286,27.3214286,3571,8.9275,0.47,0.53,,,,,,,
15236002016,1523600,ONEIDA,BEARSKIN L,400,2016,NR,21.4285714,20,3621,9.0525,0.93,0.07,,,,,,,
15456001986,1545600,VILAS,BIG ARBOR VITAE L,1090,1986,NR,13.2051282,4.1025641,12003,11.01192661,0.31,0.69,,,,,,,
15456001993,1545600,VILAS,BIG ARBOR VITAE L,1090,1993,NR,21.025641,13.8461538,9864,9.049541284,0.66,0.34,,,,,,,
15456001996,1545600,VILAS,BIG ARBOR VITAE L,1090,1996,NR,127.5641026,26.9090909,5793,5.314678899,0.21,0.79,,,,,,,
15456001998,1545600,VILAS,BIG ARBOR VITAE L,1090,1998,NR,29.1025641,1.6363636,5329,4.888990826,0.06,0.94,,,,,,,
15456002001,1545600,VILAS,BIG ARBOR VITAE L,1090,2001,C-NR,93.7179487,7.9032258,8114,7.444036697,0.08,0.92,,,,,,,
15456002005,1545600,VILAS,BIG ARBOR VITAE L,1090,2005,C-NR,28.974359,1.2820513,6860,6.293577982,0.04,0.96,,,,,,,
15456002008,1545600,VILAS,BIG ARBOR VITAE L,1090,2008,NR,9.4871795,0.8974359,6290,5.770642202,0.09,0.91,,,,,,,
15456002011,1545600,VILAS,BIG ARBOR VITAE L,1090,2011,NR,17.0512821,0,8515,7.811926606,0.00,1.00,,,,,,,
15456002014,1545600,VILAS,BIG ARBOR VITAE L,1090,2014,NR,5.6410256,0.1282051,8253,7.571559633,0.02,0.98,,,,,,,
23388001993,2338800,VILAS,BIG CROOKED L,682,1993,NR,8.6,0.6,2921,4.282991202,0.07,0.93,,,,,,,
23388001994,2338800,VILAS,BIG CROOKED L,682,1994,NR,17.4,8.2,4141,6.071847507,0.47,0.53,,,,,,,
23388001995,2338800,VILAS,BIG CROOKED L,682,1995,NR,32,12.2,5156,7.560117302,0.38,0.62,,,,,,,
23388001996,2338800,VILAS,BIG CROOKED L,682,1996,NR,24.4,6,4922,7.217008798,0.25,0.75,,,,,,,
23388001997,2338800,VILAS,BIG CROOKED L,682,1997,NR,34.4,8,4371,6.409090909,0.23,0.77,,,,,,,
23388001998,2338800,VILAS,BIG CROOKED L,682,1998,NR,58.2,0,4425,6.488269795,0.00,1.00,,,,,,,
23388001999,2338800,VILAS,BIG CROOKED L,682,1999,NR,54.6,1.2,2653,3.890029326,0.02,0.98,,,,,,,
23388002002,2338800,VILAS,BIG CROOKED L,682,2002,NR,126.2,1.6,2042,2.994134897,0.01,0.99,,,,,,,
23388002003,2338800,VILAS,BIG CROOKED L,682,2003,NR,43.2,23.4,2049,3.004398827,0.54,0.46,,,,,,,
23388002006,2338800,VILAS,BIG CROOKED L,682,2006,NR,31.6,0,1301,1.907624633,0.00,1.00,,,,,,,
23388002007,2338800,VILAS,BIG CROOKED L,682,2007,NR,38.2,1.4,1724,2.527859238,0.04,0.96,,,,,,,
23388002008,2338800,VILAS,BIG CROOKED L,682,2008,NR,45.2,22.8,1898,2.782991202,0.50,0.50,,,,,,,
23388002009,2338800,VILAS,BIG CROOKED L,682,2009,NR,5.6,0,1758,2.57771261,0.00,1.00,,,,,,,
16107001994,1610700,ONEIDA,BIG FORK L,690,1994,NR,58.0246914,20.5555556,2499,3.62173913,0.35,0.65,,,,,,,
16107002007,1610700,ONEIDA,BIG FORK L,690,2007,C-NR,36.6666667,26.8518519,4040,5.855072464,0.73,0.27,,,,,,,
16130001994,1613000,ONEIDA,BIG L,865,1994,NR,64.5454545,18.9393939,3072,3.551445087,0.29,0.71,,,,,,,
23347001990,2334700,VILAS,BIG L (BOULDER JCT),835,1990,NR,19.5833333,15.2083333,2857,3.421556886,0.78,0.22,,,,,,,
23347002001,2334700,VILAS,BIG L (BOULDER JCT),835,2001,NR,30,10.2083333,2631,3.150898204,0.34,0.66,,,,,,,
23347002006,2334700,VILAS,BIG L (BOULDER JCT),835,2006,NR,32.1875,9.0322581,2428,2.907784431,0.28,0.72,,,,,,,
23347002013,2334700,VILAS,BIG L (BOULDER JCT),835,2013,NR,38.9583333,27.7083333,2927,3.505389222,0.71,0.29,,,,,,,
29638001999,2963800,VILAS,BIG L (MI BORDER),771,1999,NR,67.1014493,7.826087,4480,5.810635538,0.12,0.88,,,,,,,
29638002014,2963800,VILAS,BIG L (MI BORDER),771,2014,NR,22.1014493,6.5942029,7814,10.13488975,0.30,0.70,,,,,,,
27068001990,2706800,BURNETT,BIG MCKENZIE L,1185,1990,C-,5.2112676,2.1126761,3880,3.274261603,0.41,0.59,,,,,,,
27068001996,2706800,BURNETT,BIG MCKENZIE L,1185,1996,C-,7.88732395,1.1267606,2327,1.96371308,0.14,0.86,,,,,,,
18353001989,1835300,VILAS,BIG MUSKELLUNGE L,930,1989,NR,73.5294118,2.745098,4719,5.074193548,0.04,0.96,,,,,,,
18353001991,1835300,VILAS,BIG MUSKELLUNGE L,930,1991,NR,47.254902,5.3921569,8014,8.617204301,0.11,0.89,,,,,,,
18353001996,1835300,VILAS,BIG MUSKELLUNGE L,930,1996,NR,31.2745098,16.6666667,4631,4.979569892,0.53,0.47,,,,,,,
18353002005,1835300,VILAS,BIG MUSKELLUNGE L,930,2005,NR,59.7938144,9.0721649,3265,3.510752688,0.15,0.85,,,,,,,
18353002011,1835300,VILAS,BIG MUSKELLUNGE L,930,2011,NR,95.8823529,20.3947368,8235,8.85483871,0.21,0.79,,,,,,,
18353002013,1835300,VILAS,BIG MUSKELLUNGE L,930,2013,NR,72.745098,12.1568627,5396,5.802150538,0.17,0.83,,,,,,,
18353002016,1835300,VILAS,BIG MUSKELLUNGE L,930,2016,NR,45.6862745,4.8039216,3634,3.907526882,0.11,0.89,,,,,,,
16295002006,1629500,VILAS,BIG PORTAGE L,638,2006,NR,22.9411765,8.0882353,3186,4.993730408,0.35,0.65,,,,,,,
16295002012,1629500,VILAS,BIG PORTAGE L,638,2012,NR,60.2941176,14.8529412,2359,3.697492163,0.25,0.75,,,,,,,
16295002016,1629500,VILAS,BIG PORTAGE L,638,2016,NR,44.8529412,5,3244,5.084639498,0.11,0.89,,,,,,,
26274001991,2627400,POLK,BIG ROUND L,1015,1991,ST,0.3508772,0,2012,1.98226601,0.00,1.00,,,,,,,
16026001989,1602600,VILAS,BIG SAND L,1418,1989,ST,3.9622642,3.2075472,1506,1.062059238,0.81,0.19,,,,,,,
15911001986,1591100,VILAS,BIG ST GERMAIN L,1617,1986,C-,38.2894737,17.1052632,5693,3.520717378,0.45,0.55,,,,,,,
15911001992,1591100,VILAS,BIG ST GERMAIN L,1617,1992,C-,23.9473684,1.6666667,3482,2.153370439,0.07,0.93,,,,,,,
15911001994,1591100,VILAS,BIG ST GERMAIN L,1617,1994,C-,89.2105263,30.6578947,4558,2.818800247,0.34,0.66,,,,,,,
15911002006,1591100,VILAS,BIG ST GERMAIN L,1617,2006,C-NR,14.6052632,2.3684211,8203,5.072974644,0.16,0.84,,,,,,,
15911002011,1591100,VILAS,BIG ST GERMAIN L,1617,2011,C-ST,41.1842105,22.8947368,4843,2.995052566,0.56,0.44,,,,,,,
15911002017,1591100,VILAS,BIG ST GERMAIN L,1617,2017,C-ST,35.5263158,9.342105263,2908,1.798392084,0.26,0.74,,,,,,,
16122001994,1612200,ONEIDA,BIG STONE L,548,1994,NR,58.125,49.1666667,1513,2.760948905,0.85,0.15,,,,,,,
16122002007,1612200,ONEIDA,BIG STONE L,548,2007,C-NR,32.0833333,12.7083333,1400,2.554744526,0.40,0.60,,,,,,,
23111001990,2311100,VILAS,BIRCH L,528,1990,NR,20.1587302,1.5873016,584,1.106060606,0.08,0.92,,,,,,,
27425002016,2742500,BAYFIELD,BONY L,191,2016,C-NR,4.0740741,0,231,1.209424084,0.00,1.00,,,,,,,
4187001996,418700,OCONTO,BOOT L,235,1996,NR,4.8387097,1.6129032,547,2.327659574,0.33,0.67,,,,,,,
4187002016,418700,OCONTO,BOOT L,235,2016,C-NR,0.7894737,0,248,1.055319149,0.00,1.00,,,,,,,
23383001995,2338300,VILAS,BOULDER L,524,1995,NR,70.3947368,54.8333333,2282,4.354961832,0.78,0.22,,,,,,,
23383001999,2338300,VILAS,BOULDER L,524,1999,NR,83.1666667,8.2089552,2796,5.335877863,0.10,0.90,,,,,,,
23383002006,2338300,VILAS,BOULDER L,524,2006,NR,91.3333333,21.3333333,2255,4.303435115,0.23,0.77,,,,,,,
23383002013,2338300,VILAS,BOULDER L,524,2013,NR,184.3333333,46.1666667,2028,3.870229008,0.25,0.75,,,,,,,
22726001991,2272600,ONEIDA,BUCKSKIN L,634,1991,ST,92.0634921,86.8253968,1988,3.135646688,0.94,0.06,,,,,,,
22726001992,2272600,ONEIDA,BUCKSKIN L,634,1992,ST,21.2698413,19.8412698,3684,5.810725552,0.93,0.07,,,,,,,
22726001995,2272600,ONEIDA,BUCKSKIN L,634,1995,C-ST,38.8888889,0,5948,9.38170347,0.00,1.00,,,,,,,
22726002006,2272600,ONEIDA,BUCKSKIN L,634,2006,C-NR,14.2857143,4.6031746,3964,6.252365931,0.32,0.68,,,,,,,
29038002010,2903800,BAYFIELD,BUSKEY BAY,100,2010,NR,0.4166667,0.4166667,203,2.03,1.00,0.00,,,,,,,
6924001988,692400,FOREST,BUTTERNUT L,1292,1988,NR,118.875,61.33333335,5174,4.004643963,0.52,0.48,,,,,,,
6924001989,692400,FOREST,BUTTERNUT L,1292,1989,NR,160.625,36.375,4766,3.688854489,0.23,0.77,,,,,,,
22833001990,2283300,PRICE,BUTTERNUT L,1006,1990,NR,9.75,0,1999,1.987077535,0.00,1.00,,,,,,,
6924001991,692400,FOREST,BUTTERNUT L,1292,1991,NR,135.5,22.5,2134,1.651702786,0.17,0.83,,,,,,,
6924001992,692400,FOREST,BUTTERNUT L,1292,1992,NR,0.625,0.5,6721,5.202012384,0.80,0.20,,,,,,,
6924001993,692400,FOREST,BUTTERNUT L,1292,1993,NR,3,1.125,5997,4.641640867,0.38,0.63,,,,,,,
6924001994,692400,FOREST,BUTTERNUT L,1292,1994,NR,165,1,4803,3.71749226,0.01,0.99,,,,,,,
6924001995,692400,FOREST,BUTTERNUT L,1292,1995,NR,19.625,1.25,3644,2.820433437,0.06,0.94,,,,,,,
22833001996,2283300,PRICE,BUTTERNUT L,1006,1996,C-NR,89.5535714,39.4642857,4165,4.140159046,0.44,0.56,,,,,,,
6924001996,692400,FOREST,BUTTERNUT L,1292,1996,NR,34.125,13.91666667,3416,2.643962848,0.41,0.59,,,,,,,
6924001997,692400,FOREST,BUTTERNUT L,1292,1997,NR,35.45833333,8.458333333,6525,5.050309598,0.24,0.76,,,,,,,
6924001998,692400,FOREST,BUTTERNUT L,1292,1998,NR,34.16666667,24.375,5138,3.976780186,0.71,0.29,,,,,,,
6924001999,692400,FOREST,BUTTERNUT L,1292,1999,C-NR,47.625,3.625,4395,3.401702786,0.08,0.92,,,,,,,
6924002000,692400,FOREST,BUTTERNUT L,1292,2000,NR,13.625,3.5,3981,3.08126935,0.26,0.74,,,,,,,
6924002001,692400,FOREST,BUTTERNUT L,1292,2001,NR,5.25,2.166666667,2740,2.120743034,0.41,0.59,,,,,,,
6924002002,692400,FOREST,BUTTERNUT L,1292,2002,NR,192.1666667,2.125,2106,1.63003096,0.01,0.99,,,,,,,
6924002003,692400,FOREST,BUTTERNUT L,1292,2003,C-NR,192,8.25,1625,1.257739938,0.04,0.96,,,,,,,
6924002004,692400,FOREST,BUTTERNUT L,1292,2004,C-NR,4.1875,2.875,1703,1.318111455,0.69,0.31,,,,,,,
6924002006,692400,FOREST,BUTTERNUT L,1292,2006,C-NR,97.5641026,23.875,1073,0.830495356,0.24,0.76,,,,,,,
6924002008,692400,FOREST,BUTTERNUT L,1292,2008,C-NR,35.125,8.5,1195,0.924922601,0.24,0.76,,,,,,,
6924002009,692400,FOREST,BUTTERNUT L,1292,2009,C-NR,74.5,0.625,8528,6.600619195,0.01,0.99,,,,,,,
6924002010,692400,FOREST,BUTTERNUT L,1292,2010,C-NR,12.875,1.5,6953,5.381578947,0.12,0.88,,,,,,,
6924002011,692400,FOREST,BUTTERNUT L,1292,2011,C-NR,73,0.75,5631,4.358359133,0.01,0.99,,,,,,,
6924002012,692400,FOREST,BUTTERNUT L,1292,2012,C-NR,3.375,2.0430108,5301,4.102941176,0.61,0.39,,,,,,,
6924002013,692400,FOREST,BUTTERNUT L,1292,2013,C-NR,74.516129,6.25,4475,3.463622291,0.08,0.92,,,,,,,
6924002014,692400,FOREST,BUTTERNUT L,1292,2014,C-NR,26,3.875,3509,2.715944272,0.15,0.85,,,,,,,
22833002014,2283300,PRICE,BUTTERNUT L,1006,2014,NR,49.9107143,47.0535714,6630,6.590457256,0.94,0.06,,,,,,,
6924002015,692400,FOREST,BUTTERNUT L,1292,2015,C-NR,49.375,7.375,2470,1.911764706,0.15,0.85,,,,,,,
6924002016,692400,FOREST,BUTTERNUT L,1292,2016,C-NR,48,15.125,2432,1.882352941,0.32,0.68,,,,,,,
6924002017,692400,FOREST,BUTTERNUT L,1292,2017,C-NR,0.25,0.25,1992,1.541795666,1.00,0.00,,,,,,,
15448001990,1544800,ONEIDA,CARROL L,352,1990,C-ST,1.3114754,0,997,2.832386364,0.00,1.00,,,,,,,
16037001993,1603700,VILAS,CATFISH L,1012,1993,NR,32.7723392,23.4513274,2977,2.941699605,0.72,0.28,,,,,,,
16037002013,1603700,VILAS,CATFISH L,1012,2013,NR,0.619469,0.1769912,5082,5.02173913,0.29,0.71,,,,,,,
26151002013,2615100,ST CROIX,CEDAR L,1100,2013,NR,6.2790698,0.9302326,3768,3.425454545,0.15,0.85,,,,,,,
23505001995,2350500,RUSK,CHAIN L,468,1995,NR,18.90625,7.5949367,1771,3.784188034,0.40,0.60,,,,,,,
9775001990,977500,ONEIDA,CLEAR L,846,1990,NR,0.1449275,0,1970,2.328605201,0.00,1.00,,,,,,,
23290001993,2329000,VILAS,CLEAR L,555,1993,NR,3.1111111,1.1267606,1987,3.58018018,0.36,0.64,,,,,,,
9775001996,977500,ONEIDA,CLEAR L,846,1996,NR,1.3043478,0.7971014,3093,3.656028369,0.61,0.39,,,,,,,
23290001999,2329000,VILAS,CLEAR L,555,1999,C-NR,13.5185185,2.9577465,1616,2.911711712,0.22,0.78,,,,,,,
9775002000,977500,ONEIDA,CLEAR L,846,2000,NR,5.5797101,0.6521739,3241,3.830969267,0.12,0.88,,,,,,,
23290002004,2329000,VILAS,CLEAR L,555,2004,C-NR,52.5581395,20.2816901,1576,2.83963964,0.39,0.61,,,,,,,
9775002005,977500,ONEIDA,CLEAR L,846,2005,NR,8.55072465,0.3703704,2096,2.477541371,0.04,0.96,,,,,,,
9775002012,977500,ONEIDA,CLEAR L,846,2012,NR,4.2753623,0.5072464,1897,2.242316785,0.12,0.88,,,,,,,
29535001993,2953500,VILAS,CRAB L,949,1993,NR,9.6666667,6.2025316,1825,1.923076923,0.64,0.36,,,,,,,
29535002002,2953500,VILAS,CRAB L,949,2002,NR,9.4303797,4.3396882,2602,2.741833509,0.46,0.54,,,,,,,
29535002012,2953500,VILAS,CRAB L,949,2012,NR,5.5063291,5.1265823,1757,1.85142255,0.93,0.07,,,,,,,
16038001993,1603800,VILAS,CRANBERRY L,956,1993,NR,49.1358025,12.8070175,2969,3.105648536,0.26,0.74,,,,,,,
15642001989,1564200,ONEIDA,CRESCENT L,612,1989,NR,34.7972973,15.2702703,4323,7.06372549,0.44,0.56,,,,,,,
15642001992,1564200,ONEIDA,CRESCENT L,612,1992,NR,61.0810811,14.1891892,2410,3.937908497,0.23,0.77,,,,,,,
15642002000,1564200,ONEIDA,CRESCENT L,612,2000,NR,7.8378378,0.6756757,2598,4.245098039,0.09,0.91,,,,,,,
15642002006,1564200,ONEIDA,CRESCENT L,612,2006,NR,145,7.6923077,2242,3.663398693,0.05,0.95,,,,,,,
15642002010,1564200,ONEIDA,CRESCENT L,612,2010,NR,35.6756757,8.5135135,3526,5.761437908,0.24,0.76,,,,,,,
15642002015,1564200,ONEIDA,CRESCENT L,612,2015,NR,19.7297297,14.0540541,4501,7.354575163,0.71,0.29,,,,,,,
15969001990,1596900,ONEIDA,DAM L,744,1990,NR,7.6623377,3.3766234,2627,3.530913978,0.44,0.56,,,,,,,
15969001997,1596900,ONEIDA,DAM L,744,1997,NR,23.9705882,13.1147541,2556,3.435483871,0.55,0.45,,,,,,,
15969002005,1596900,ONEIDA,DAM L,744,2005,NR,68.4931507,17.4025974,2127,2.858870968,0.25,0.75,,,,,,,
23166002015,2316600,VILAS,DEAD PIKE L,297,2015,C-ST,0.8823529,0.5714286,166,0.558922559,0.65,0.35,,,,,,,
16002001993,1600200,VILAS,EAGLE L,572,1993,NR,61.6666667,12.7083333,2259,3.949300699,0.21,0.79,,,,,,,
16002002000,1600200,VILAS,EAGLE L,572,2000,NR,26.25,6.875,2855,4.991258741,0.26,0.74,,,,,,,
15797002001,1579700,LANGLADE,ENTERPRISE L,505,2001,NR,37.1666667,3,2004,3.968316832,0.08,0.92,,,,,,,
15797002005,1579700,LANGLADE,ENTERPRISE L,505,2005,NR,25.4237288,2.8333333,426,0.843564356,0.11,0.89,,,,,,,
15797002011,1579700,LANGLADE,ENTERPRISE L,505,2011,NR,53.1666667,7.8333333,865,1.712871287,0.15,0.85,,,,,,,
15797002015,1579700,LANGLADE,ENTERPRISE L,505,2015,NR,12.8333333,1.8333333,1303,2.58019802,0.14,0.86,,,,,,,
23399001994,2339900,VILAS,ESCANABA L,293,1994,NR,162.3882503,75.47892723,3566,12.17064846,0.46,0.54,,,,,,,
23399001995,2339900,VILAS,ESCANABA L,293,1995,NR,34.81800765,16.09195403,1179,4.023890785,0.46,0.54,,,,,,,
23399001996,2339900,VILAS,ESCANABA L,293,1996,NR,14.17624523,3.5759898,1002,3.419795222,0.25,0.75,,,,,,,
23399001997,2339900,VILAS,ESCANABA L,293,1997,NR,98.91443167,24.3295019,2864,9.774744027,0.25,0.75,,,,,,,
23399001998,2339900,VILAS,ESCANABA L,293,1998,NR,99.74457217,2.745849267,2493,8.508532423,0.03,0.97,,,,,,,
23399001999,2339900,VILAS,ESCANABA L,293,1999,NR,180.7151979,105.0287356,1455,4.965870307,0.58,0.42,,,,,,,
23399002000,2339900,VILAS,ESCANABA L,293,2000,NR,14.22413793,1.532567067,1518,5.180887372,0.11,0.89,,,,,,,
23399002001,2339900,VILAS,ESCANABA L,293,2001,NR,299.1698595,8.5568327,1804,6.156996587,0.03,0.97,,,,,,,
23399002002,2339900,VILAS,ESCANABA L,293,2002,NR,114.7509579,38.05874843,1088,3.71331058,0.33,0.67,,,,,,,
23399002003,2339900,VILAS,ESCANABA L,293,2003,NR,25.35121327,7.790549167,847,2.890784983,0.31,0.69,,,,,,,
23399002004,2339900,VILAS,ESCANABA L,293,2004,NR,54.78927203,5.747126433,835,2.849829352,0.10,0.90,,,,,,,
23399002005,2339900,VILAS,ESCANABA L,293,2005,NR,100.8939975,22.15836523,1756,5.993174061,0.22,0.78,,,,,,,
23399002006,2339900,VILAS,ESCANABA L,293,2006,NR,37.29246487,5.40229886,2191,7.4778157,0.14,0.86,,,,,,,
23399002007,2339900,VILAS,ESCANABA L,293,2007,NR,30.61302682,7.6628352,3244,11.07167235,0.25,0.75,,,,,,,
23399002008,2339900,VILAS,ESCANABA L,293,2008,NR,86.3984674,6.8965517,2335,7.969283276,0.08,0.92,,,,,,,
23399002009,2339900,VILAS,ESCANABA L,293,2009,NR,24.3295019,1.1494253,2313,7.894197952,0.05,0.95,,,,,,,
23399002010,2339900,VILAS,ESCANABA L,293,2010,NR,57.6628352,10.7692308,2581,8.80887372,0.19,0.81,,,,,,,
23399002013,2339900,VILAS,ESCANABA L,293,2013,NR,39.0804598,6.0229885,2359,8.051194539,0.15,0.85,,,,,,,
23399002014,2339900,VILAS,ESCANABA L,293,2014,NR,37.90804596,4.951149433,2903,9.907849829,0.13,0.87,,,,,,,
23399002015,2339900,VILAS,ESCANABA L,293,2015,NR,45.5762452,8.77394636,2968,10.12969283,0.19,0.81,,,,,,,
23399002016,2339900,VILAS,ESCANABA L,293,2016,NR,23.8697318,3.23535852,1895,6.467576792,0.14,0.86,,,,,,,
23432001993,2343200,VILAS,FISHTRAP L,329,1993,NR,4.6428571,0.25,1853,5.632218845,0.05,0.95,,,,,,,
27622002006,2762200,VILAS,FOREST L,466,2006,NR,37.4285714,6.7142857,2486,5.334763948,0.18,0.82,,,,,,,
27622002013,2762200,VILAS,FOREST L,466,2013,NR,44.7142857,1.8571429,1513,3.246781116,0.04,0.96,,,,,,,
6929001991,692900,FOREST,FRANKLIN L,892,1991,NR,17.4242424,12.2727273,3077,3.44955157,0.70,0.30,,,,,,,
6929001994,692900,FOREST,FRANKLIN L,892,1994,NR,54.0909091,4.6969697,2101,2.355381166,0.09,0.91,,,,,,,
6929001997,692900,FOREST,FRANKLIN L,892,1997,NR,9.5454545,0.9230769,1834,2.056053812,0.10,0.90,,,,,,,
6929002002,692900,FOREST,FRANKLIN L,892,2002,NR,27.1212121,0,528,0.591928251,0.00,1.00,,,,,,,
6929002012,692900,FOREST,FRANKLIN L,892,2012,C-NR,3.7878788,0.1515152,247,0.27690583,0.04,0.96,,,,,,,
6929002013,692900,FOREST,FRANKLIN L,892,2013,C-NR,8.3333333,0,248,0.278026906,0.00,1.00,,,,,,,
15696002007,1569600,ONEIDA,GEORGE L,435,2007,C-NR,53.0909091,30.9090909,2120,4.873563218,0.58,0.42,,,,,,,
23912001994,2391200,SAWYER,GRINDSTONE L,3111,1994,NR,26.7619048,7.2380952,3847,1.236579878,0.27,0.73,,,,,,,
23912002000,2391200,SAWYER,GRINDSTONE L,3111,2000,C-NR,117.3333333,13.047619,3682,1.183542269,0.11,0.89,,,,,,,
23912002003,2391200,SAWYER,GRINDSTONE L,3111,2003,C-NR,32.8095238,17.85253455,6655,2.139183542,0.54,0.46,,,,,,,
23912002006,2391200,SAWYER,GRINDSTONE L,3111,2006,C-NR,178.7619048,14.4761905,3500,1.12504018,0.08,0.92,,,,,,,
23912002009,2391200,SAWYER,GRINDSTONE L,3111,2009,C-NR,36.952381,0.7619048,5891,1.893603343,0.02,0.98,,,,,,,
23912002012,2391200,SAWYER,GRINDSTONE L,3111,2012,C-NR,43.4285714,4.5714286,4439,1.426872388,0.11,0.89,,,,,,,
23912002015,2391200,SAWYER,GRINDSTONE L,3111,2015,NR,14.5714286,2.8571429,7383,2.3731919,0.20,0.80,,,,,,,
26211001991,2621100,POLK,HALF MOON L,579,1991,C-NR,1.971831,0,963,1.663212435,0.00,1.00,,,,,,,
26211002001,2621100,POLK,HALF MOON L,579,2001,ST,7.7464789,0.4225352,717,1.238341969,0.05,0.95,,,,,,,
15179002002,1517900,ONEIDA,HANCOCK L,259,2002,C-ST,0.1408451,0,297,1.146718147,0.00,1.00,,,,,,,
29585001989,2958500,VILAS,HARRIS L,507,1989,NR,26.4285714,17.1428571,1660,3.274161736,0.65,0.35,,,,,,,
29585001992,2958500,VILAS,HARRIS L,507,1992,NR,33.8333333,12.8333333,1318,2.599605523,0.38,0.62,,,,,,,
29585001997,2958500,VILAS,HARRIS L,507,1997,NR,8.6792453,5.6666667,1913,3.773175542,0.65,0.35,,,,,,,
29585002013,2958500,VILAS,HARRIS L,507,2013,NR,12.3333333,7.1666667,6060,11.95266272,0.58,0.42,,,,,,,
29032001991,2903200,BAYFIELD,HART L,259,1991,NR,6.8571429,1.4285714,2223,8.583011583,0.21,0.79,,,,,,,
29032002001,2903200,BAYFIELD,HART L,259,2001,NR,31.7142857,0.5714286,1550,5.984555985,0.02,0.98,,,,,,,
29032002010,2903200,BAYFIELD,HART L,259,2010,NR,13.7142857,0,526,2.030888031,0.00,1.00,,,,,,,
15891002001,1589100,ONEIDA,HASBROOK L,302,2001,NR,53.4090909,4.7727273,1152,3.814569536,0.09,0.91,,,,,,,
15891002016,1589100,ONEIDA,HASBROOK L,302,2016,NR,12.0454545,2.0454545,2158,7.145695364,0.17,0.83,,,,,,,
23440001991,2344000,VILAS,HIGH L,734,1991,NR,4.0540541,1.8918919,2514,3.42506812,0.47,0.53,,,,,,,
23440001993,2344000,VILAS,HIGH L,734,1993,NR,0.625,0,2810,3.828337875,0.00,1.00,,,,,,,
29531002016,2953100,VILAS,HORSEHEAD L,234,2016,NR,14.3902439,10.2439024,1014,4.333333333,0.71,0.29,,,,,,,
23344001993,2334400,VILAS,ISLAND L,1023,1993,NR,41.9736842,12.6041667,3591,3.51026393,0.30,0.70,,,,,,,
16105001994,1610500,ONEIDA,ISLAND L,295,1994,NR,47,26.8181818,249,0.844067797,0.57,0.43,,,,,,,
23344001999,2334400,VILAS,ISLAND L,1023,1999,C-NR,39.7916667,30.8235294,6683,6.532746823,0.77,0.23,,,,,,,
23344002004,2334400,VILAS,ISLAND L,1023,2004,C-NR,23.0366492,8.9583333,3500,3.421309873,0.39,0.61,,,,,,,
3779002002,377900,FOREST,JUNGLE L,177,2002,C-NR,34.5454545,11.3636364,2811,15.88135593,0.33,0.67,,,,,,,
3779002004,377900,FOREST,JUNGLE L,177,2004,NR,41.8181818,1.1796537,2475,13.98305085,0.03,0.97,,,,,,,
3779002007,377900,FOREST,JUNGLE L,177,2007,NR,0.4545455,0.4545455,1903,10.75141243,1.00,0.00,,,,,,,
3779002014,377900,FOREST,JUNGLE L,177,2014,C-NR,17.7272727,0.4545455,560,3.163841808,0.03,0.97,,,,,,,
3779002016,377900,FOREST,JUNGLE L,177,2016,C-NR,0.9090909,0.4545455,447,2.525423729,0.50,0.50,,,,,,,
15433001991,1543300,ONEIDA,KATHERINE L,590,1991,NR,37.9591837,9.4202899,885,1.5,0.25,0.75,,,,,,,
15433001993,1543300,ONEIDA,KATHERINE L,590,1993,NR,34.7663551,9.2523364,2360,4,0.27,0.73,,,,,,,
15433002001,1543300,ONEIDA,KATHERINE L,590,2001,NR,16.0824742,6.4485981,3766,6.383050847,0.40,0.60,,,,,,,
15433002008,1543300,ONEIDA,KATHERINE L,590,2008,NR,15.2336449,6.635514,5803,9.83559322,0.44,0.56,,,,,,,
15423001998,1542300,ONEIDA,KAWAGUESAGA L,670,1998,NR,3.0630631,0.1886792,3495,5.21641791,0.06,0.94,,,,,,,
15423002009,1542300,ONEIDA,KAWAGUESAGA L,670,2009,NR,0.6481481,0.5405405,2274,3.394029851,0.83,0.17,,,,,,,
7168001999,716800,VILAS,KENTUCK L,957,1999,NR,102,9.8333333,1819,1.900731452,0.10,0.90,,,,,,,
7168002000,716800,VILAS,KENTUCK L,957,2000,ST,126.8333333,55.6666667,574,0.599791014,0.44,0.56,,,,,,,
7168002001,716800,VILAS,KENTUCK L,957,2001,ST,6.5,2.8333333,5204,5.437826541,0.44,0.56,,,,,,,
7168002002,716800,VILAS,KENTUCK L,957,2002,C-ST,34.5,2.1666667,2538,2.652037618,0.06,0.94,,,,,,,
7168002003,716800,VILAS,KENTUCK L,957,2003,C-ST,80.8333333,38,10474,10.9446186,0.47,0.53,,,,,,,
7168002005,716800,VILAS,KENTUCK L,957,2005,C-NR,39.5,24.5,9549,9.978056426,0.62,0.38,,,,,,,
7168002006,716800,VILAS,KENTUCK L,957,2006,C-NR,51,35.5,12489,13.05015674,0.70,0.30,,,,,,,
7168002014,716800,VILAS,KENTUCK L,957,2014,NR,41.6666667,4.6666667,4705,4.916405434,0.11,0.89,,,,,,,
7168002016,716800,VILAS,KENTUCK L,957,2016,C-NR,48.5,4.6666667,1766,1.845350052,0.10,0.90,,,,,,,
6729001997,672900,FLORENCE,KEYES L,210,1997,NR,25.1515152,0.9090909,196,0.933333333,0.04,0.96,,,,,,,
6729002012,672900,FLORENCE,KEYES L,210,2012,C-ST,0.2857143,0,95,0.452380952,0.00,1.00,,,,,,,
21133002005,2113300,SAWYER,L CHETAC,1920,2005,C-NR,6.9714286,3.4857143,8654,4.507291667,0.50,0.50,,,,,,,
23997001999,2399700,SAWYER,L CHIPPEWA,15300,1999,C-NR,52.9192193,17.4273859,82070,5.364052288,0.33,0.67,,,,,,,
23997002011,2399700,SAWYER,L CHIPPEWA,15300,2011,C-NR,14.7648903,11.120332,46982,3.070718954,0.75,0.25,,,,,,,
21332002013,2133200,EAU CLAIRE,L EAU CLAIRE,860,2013,NR,1.2307692,0,5755,6.691860465,0.00,1.00,,,,,,,
21332002017,2133200,EAU CLAIRE,L EAU CLAIRE,860,2017,NR,53.7142857,5.5,4069,4.731395349,0.10,0.90,,,,,,,
29355002014,2935500,ASHLAND,L GALILEE,213,2014,O-ST,6.5517241,0.3448276,471,2.211267606,0.05,0.95,,,,,,,
9952001994,995200,VILAS,L LAURA,599,1994,C-NR,136.4583333,24.375,3737,6.238731219,0.18,0.82,,,,,,,
9952001995,995200,VILAS,L LAURA,599,1995,NR,78.3333333,38.125,3530,5.893155259,0.49,0.51,,,,,,,
9952001998,995200,VILAS,L LAURA,599,1998,NR,44.5833333,14.375,2422,4.043405676,0.32,0.68,,,,,,,
9952002005,995200,VILAS,L LAURA,599,2005,C-NR,68.08510638,36.875,1321,2.205342237,0.54,0.46,,,,,,,
3965001992,396500,FOREST,L LUCERNE,1026,1992,C-ST,2.7619048,1.2380952,1410,1.374269006,0.45,0.55,,,,,,,
3965002001,396500,FOREST,L LUCERNE,1026,2001,C-ST,11.9047619,0.4761905,1913,1.864522417,0.04,0.96,,,,,,,
3965002006,396500,FOREST,L LUCERNE,1026,2006,C-ST,0.3809524,0.1904762,904,0.881091618,0.50,0.50,,,,,,,
3965002011,396500,FOREST,L LUCERNE,1026,2011,C-ST,2.5301205,0,655,0.638401559,0.00,1.00,,,,,,,
3965002015,396500,FOREST,L LUCERNE,1026,2015,C-ST,2,0.4761905,713,0.694931774,0.24,0.76,,,,,,,
3944001989,394400,FOREST,L METONGA,1991,1989,C-ST,25.3164557,10.25316457,4706,2.363636364,0.41,0.59,,,,,,,
3944001992,394400,FOREST,L METONGA,1991,1992,C-,19.7468354,3.7974684,4987,2.504771472,0.19,0.81,,,,,,,
3944001997,394400,FOREST,L METONGA,1991,1997,C-,21.3924051,8.6075949,7376,3.70467102,0.40,0.60,,,,,,,
3944001999,394400,FOREST,L METONGA,1991,1999,C-NR,1.7721519,0.6329114,4851,2.436464088,0.36,0.64,,,,,,,
3944002001,394400,FOREST,L METONGA,1991,2001,C-ST,4.3037975,3.5443038,3518,1.766951281,0.82,0.18,,,,,,,
3944002004,394400,FOREST,L METONGA,1991,2004,C-ST,13.5443038,3.2911392,1199,0.602209945,0.24,0.76,,,,,,,
3944002009,394400,FOREST,L METONGA,1991,2009,C-ST,230.8860759,7.4683544,2574,1.29281768,0.03,0.97,,,,,,,
3944002010,394400,FOREST,L METONGA,1991,2010,C-ST,61.1392405,3.9240506,3993,2.005524862,0.06,0.94,,,,,,,
3944002011,394400,FOREST,L METONGA,1991,2011,C-ST,45.9493671,2.6582278,2569,1.290306379,0.06,0.94,,,,,,,
3944002013,394400,FOREST,L METONGA,1991,2013,C-NR,20.5063291,11.5189873,9836,4.94023104,0.56,0.44,,,,,,,
3944002016,394400,FOREST,L METONGA,1991,2016,C-NR,15.8227848,1.2658228,5770,2.898041185,0.08,0.92,,,,,,,
29037002001,2903700,BAYFIELD,L MILLICENT,183,2001,NR,1.3157895,1.3157895,1095,5.983606557,1.00,0.00,,,,,,,
29037002010,2903700,BAYFIELD,L MILLICENT,183,2010,NR,3.6842105,0,372,2.032786885,0.00,1.00,,,,,,,
28662001995,2866200,DOUGLAS,L MINNESUING,432,1995,NR,4.3478261,2.0289855,611,1.414351852,0.47,0.53,,,,,,,
26915001992,2691500,WASHBURN,L NANCY,772,1992,C-NR,4.7201087,2.295082,598,0.774611399,0.49,0.51,,,,,,,
26915001993,2691500,WASHBURN,L NANCY,772,1993,C-ST,32.4590164,0,538,0.696891192,0.00,1.00,,,,,,,
28650001992,2865000,DOUGLAS,L NEBAGAMON,914,1992,C-NR,19.1666667,11.6666667,3115,3.40809628,0.61,0.39,,,,,,,
28650001994,2865000,DOUGLAS,L NEBAGAMON,914,1994,C-NR,28.8888889,4.4444444,2362,2.584245077,0.15,0.85,,,,,,,
28650001997,2865000,DOUGLAS,L NEBAGAMON,914,1997,C-ST,26.5740741,5.3703704,1609,1.760393873,0.20,0.80,,,,,,,
28650001998,2865000,DOUGLAS,L NEBAGAMON,914,1998,C-ST,7.8703704,2.7777778,1525,1.668490153,0.35,0.65,,,,,,,
28650002005,2865000,DOUGLAS,L NEBAGAMON,914,2005,C-NR,19.329806,3.6111111,1149,1.257111597,0.19,0.81,,,,,,,
28650002014,2865000,DOUGLAS,L NEBAGAMON,914,2014,C-NR,2.6851852,1.4814815,1212,1.326039387,0.55,0.45,,,,,,,
15165002001,1516500,LINCOLN,L NOKOMIS,2433,2001,NR,150.2882496,23.7820513,9659,3.96999589,0.16,0.84,,,,,,,
29002001994,2900200,BAYFIELD,L OWEN,1323,1994,C-,31.625,2.3333333,2050,1.549508692,0.07,0.93,,,,,,,
29002001999,2900200,BAYFIELD,L OWEN,1323,1999,C-ST,2.625,0.4395604,2399,1.813303099,0.17,0.83,,,,,,,
29002002001,2900200,BAYFIELD,L OWEN,1323,2001,C-ST,4.3333333,0.6666667,2454,1.854875283,0.15,0.85,,,,,,,
29002002003,2900200,BAYFIELD,L OWEN,1323,2003,C-ST,1.1041667,0,1532,1.157974301,0.00,1.00,,,,,,,
29002002007,2900200,BAYFIELD,L OWEN,1323,2007,C-NR,1.8333333,0.625,1495,1.130007559,0.34,0.66,,,,,,,
29002002013,2900200,BAYFIELD,L OWEN,1323,2013,C-ST,0.9166667,0.1702128,1140,0.861678005,0.19,0.81,,,,,,,
15699001999,1569900,ONEIDA,L THOMPSON,382,1999,ST,1.641791,1.4925373,517,1.353403141,0.91,0.09,,,,,,,
21528002015,2152800,CHIPPEWA,L WISSOTA,6300,2015,NR,68.1395349,20,8389,1.331587302,0.29,0.71,,,,,,,
23908001991,2390800,SAWYER,LAC COURTE OREILLES,5039,1991,C-,7.519685,0.6299213,6587,1.30720381,0.08,0.92,,,,,,,
23908002000,2390800,SAWYER,LAC COURTE OREILLES,5039,2000,C-ST,14.48,5,5182,1.028378647,0.35,0.65,,,,,,,
23908002001,2390800,SAWYER,LAC COURTE OREILLES,5039,2001,C-ST,54.9212598,0.9055118,7526,1.493550308,0.02,0.98,,,,,,,
23908002010,2390800,SAWYER,LAC COURTE OREILLES,5039,2010,C-NR,23.1496063,1.9291339,5611,1.113514586,0.08,0.92,,,,,,,
23908002016,2390800,SAWYER,LAC COURTE OREILLES,5039,2016,C-NR,0.2362205,0.2362205,7230,1.434808494,1.00,0.00,,,,,,,
16319001986,1631900,VILAS,LAC VIEUX DESERT,4300,1986,C-NR,40.8571429,6.3636364,22564,5.24744186,0.16,0.84,,,,,,,
16319001990,1631900,VILAS,LAC VIEUX DESERT,4300,1990,C-NR,12.4705882,1.1656442,12635,2.938372093,0.09,0.91,,,,,,,
16319001996,1631900,VILAS,LAC VIEUX DESERT,4300,1996,C-NR,84.7239264,8.75,8201,1.907209302,0.10,0.90,,,,,,,
16319001997,1631900,VILAS,LAC VIEUX DESERT,4300,1997,C-NR,86.75,10,6233,1.449534884,0.12,0.88,,,,,,,
16319002000,1631900,VILAS,LAC VIEUX DESERT,4300,2000,C-NR,14.7239264,3.0379747,11968,2.783255814,0.21,0.79,,,,,,,
16319002006,1631900,VILAS,LAC VIEUX DESERT,4300,2006,C-NR,0.3164557,0,10505,2.443023256,0.00,1.00,,,,,,,
3769002002,376900,FOREST,LILY L,213,2002,NR,8.0392157,0.5882353,1214,5.699530516,0.07,0.93,,,,,,,
3769002012,376900,FOREST,LILY L,213,2012,NR,36.8627451,13.3333333,1548,7.267605634,0.36,0.64,,,,,,,
3769002014,376900,FOREST,LILY L,213,2014,NR,67.8431373,16.6666667,1300,6.103286385,0.25,0.75,,,,,,,
26781002004,2678100,BURNETT,LIPSETT L,393,2004,ST,3.7142857,2.3333333,245,0.623409669,0.63,0.37,,,,,,,
26781002016,2678100,BURNETT,LIPSETT L,393,2016,O-ST,2.2857143,0.2857143,111,0.282442748,0.13,0.87,,,,,,,
15453002007,1545300,VILAS,LITTLE ARBOR VITAE L,534,2007,C-NR,0.4225352,0.2816901,4360,8.164794007,0.67,0.33,,,,,,,
15453002013,1545300,VILAS,LITTLE ARBOR VITAE L,534,2013,C-ST,1.1320755,0,751,1.406367041,0.00,1.00,,,,,,,
16106001994,1610600,ONEIDA,LITTLE FORK L,354,1994,NR,70.5128205,21.5384615,2801,7.912429379,0.31,0.69,,,,,,,
23323002016,2332300,VILAS,LITTLE JOHN L,166,2016,C-NR,10.7142857,0.9090909,3334,20.08433735,0.08,0.92,,,,,,,
15963001997,1596300,VILAS,LITTLE ST GERMAIN L,980,1997,ST,2.0143885,0.2721088,2212,2.257142857,0.14,0.86,,,,,,,
23343002004,2334300,VILAS,LITTLE STAR L,244,2004,C-NR,11.0526316,0.5263158,232,0.950819672,0.05,0.95,,,,,,,
16023001989,1602300,VILAS,LONG L,872,1989,NR,28.6585366,7.3170732,1867,2.141055046,0.26,0.74,,,,,,,
21068001990,2106800,WASHBURN,LONG L,3290,1990,C-,4.1578947,0.2894737,7555,2.296352584,0.07,0.93,,,,,,,
21068001991,2106800,WASHBURN,LONG L,3290,1991,C-,4.2368421,0.7105263,5787,1.758966565,0.17,0.83,,,,,,,
21068001994,2106800,WASHBURN,LONG L,3290,1994,C-,0.9473684,0.2105263,10238,3.111854103,0.22,0.78,,,,,,,
16090001994,1609000,ONEIDA,LONG L,620,1994,NR,90.1333333,20,861,1.388709677,0.22,0.78,,,,,,,
23514001994,2351400,CHIPPEWA,LONG L,1052,1994,NR,77.5,0,4909,4.66634981,0.00,1.00,,,,,,,
23514002000,2351400,CHIPPEWA,LONG L,1052,2000,NR,71.4285714,3.8392857,5397,5.130228137,0.05,0.95,,,,,,,
21068002001,2106800,WASHBURN,LONG L,3290,2001,C-,3.5789474,0,4966,1.509422492,0.00,1.00,,,,,,,
16023002001,1602300,VILAS,LONG L,872,2001,C-NR,20,0,6650,7.626146789,0.00,1.00,,,,,,,
23514002008,2351400,CHIPPEWA,LONG L,1052,2008,NR,20.8571429,4.7321429,7083,6.732889734,0.23,0.77,,,,,,,
21068002009,2106800,WASHBURN,LONG L,3290,2009,C-ST,1.25,0.0625,6915,2.101823708,0.05,0.95,,,,,,,
21068002012,2106800,WASHBURN,LONG L,3290,2012,C-NR,1.2631579,0,5773,1.754711246,0.00,1.00,,,,,,,
21068002015,2106800,WASHBURN,LONG L,3290,2015,C-NR,2.4736842,2.289282,8481,2.57781155,0.93,0.07,,,,,,,
23514002016,2351400,CHIPPEWA,LONG L,1052,2016,C-NR,26.8571429,13.8571429,3545,3.369771863,0.52,0.48,,,,,,,
23398001994,2339800,VILAS,LOST CANOE L,249,1994,NR,92.5,34.1250001,1100,4.417670683,0.37,0.63,,,,,,,
24186001990,2418600,SAWYER,LOST LAND L,1304,1990,NR,0.25,0,792,0.607361963,0.00,1.00,,,,,,,
24186002000,2418600,SAWYER,LOST LAND L,1304,2000,C-NR,3.3333333,1.1111111,563,0.431748466,0.33,0.67,,,,,,,
24186002004,2418600,SAWYER,LOST LAND L,1304,2004,C-ST,1.3274336,0.3539823,698,0.535276074,0.27,0.73,,,,,,,
27416001991,2741600,DOUGLAS,LOWER EAU CLAIRE L,802,1991,NR,41.4102564,1.9230769,1752,2.184538653,0.05,0.95,,,,,,,
27416001993,2741600,DOUGLAS,LOWER EAU CLAIRE L,802,1993,NR,37.3076923,10.2564103,3006,3.748129676,0.27,0.73,,,,,,,
27416001995,2741600,DOUGLAS,LOWER EAU CLAIRE L,802,1995,C-NR,84.4871795,20.2564103,2036,2.538653367,0.24,0.76,,,,,,,
27416002001,2741600,DOUGLAS,LOWER EAU CLAIRE L,802,2001,C-NR,32.5454545,6.9090909,3821,4.764339152,0.21,0.79,,,,,,,
27416002007,2741600,DOUGLAS,LOWER EAU CLAIRE L,802,2007,C-NR,14.8717949,1.4102564,1994,2.486284289,0.09,0.91,,,,,,,
27416002011,2741600,DOUGLAS,LOWER EAU CLAIRE L,802,2011,NR,0.8997429,0.1818182,1714,2.137157107,0.20,0.80,,,,,,,
27416002016,2741600,DOUGLAS,LOWER EAU CLAIRE L,802,2016,C-NR,6.6666667,0.8974359,461,0.574812968,0.13,0.87,,,,,,,
28564001992,2856400,DOUGLAS,LYMAN L,403,1992,NR,10.1449275,4.6376812,1764,4.377171216,0.46,0.54,,,,,,,
29545001994,2954500,VILAS,LYNX L,339,1994,NR,11.25,4.0625,473,1.395280236,0.36,0.64,,,,,,,
29641002008,2964100,VILAS,MAMIE L,400,2008,NR,13.8983051,4.5762712,4439,11.0975,0.33,0.67,,,,,,,
29641002014,2964100,VILAS,MAMIE L,400,2014,NR,0.1694915,0.1694915,4039,10.0975,1.00,0.00,,,,,,,
23294001993,2329400,VILAS,MANITOWISH L,506,1993,NR,17.5,11.1842105,508,1.003952569,0.64,0.36,,,,,,,
23294001999,2329400,VILAS,MANITOWISH L,506,1999,C-NR,11.3636364,6.1363636,1028,2.031620553,0.54,0.46,,,,,,,
23294002004,2329400,VILAS,MANITOWISH L,506,2004,C-NR,6.7123288,2,712,1.407114625,0.30,0.70,,,,,,,
27421001991,2742100,BAYFIELD,MIDDLE EAU CLAIRE L,902,1991,C-NR,54.2857143,3.2467532,4185,4.639689579,0.06,0.94,,,,,,,
27421001993,2742100,BAYFIELD,MIDDLE EAU CLAIRE L,902,1993,C-NR,42.2077922,5.8441558,4577,5.074279379,0.14,0.86,,,,,,,
27421001996,2742100,BAYFIELD,MIDDLE EAU CLAIRE L,902,1996,C-NR,71.9480519,18.1818182,5258,5.829268293,0.25,0.75,,,,,,,
27421001998,2742100,BAYFIELD,MIDDLE EAU CLAIRE L,902,1998,C-NR,141.5584416,5.8441558,4099,4.544345898,0.04,0.96,,,,,,,
27421002004,2742100,BAYFIELD,MIDDLE EAU CLAIRE L,902,2004,C-NR,115.0649351,25.7142857,4128,4.576496674,0.22,0.78,,,,,,,
27421002007,2742100,BAYFIELD,MIDDLE EAU CLAIRE L,902,2007,C-NR,223.2467532,25.974026,5925,6.568736142,0.12,0.88,,,,,,,
27421002010,2742100,BAYFIELD,MIDDLE EAU CLAIRE L,902,2010,C-NR,42.5974026,5.7142857,2081,2.307095344,0.13,0.87,,,,,,,
27421002013,2742100,BAYFIELD,MIDDLE EAU CLAIRE L,902,2013,C-NR,24.8051948,2.5974026,2169,2.404656319,0.10,0.90,,,,,,,
27421002016,2742100,BAYFIELD,MIDDLE EAU CLAIRE L,902,2016,C-NR,18.0519481,5.974026,852,0.944567627,0.33,0.67,,,,,,,
27065001990,2706500,WASHBURN,MIDDLE MCKENZIE L,530,1990,C-ST,40.9756098,0.7317073,1110,2.094339623,0.02,0.98,,,,,,,
27065002003,2706500,WASHBURN,MIDDLE MCKENZIE L,530,2003,C-NR,0.2439024,0.2439024,587,1.10754717,1.00,0.00,,,,,,,
15424001992,1542400,ONEIDA,MINOCQUA L,1360,1992,NR,7.0157068,5.7068063,7638,5.616176471,0.81,0.19,,,,,,,
15424001998,1542400,ONEIDA,MINOCQUA L,1360,1998,NR,6.2827225,1.0655738,6276,4.614705882,0.17,0.83,,,,,,,
15424002009,1542400,ONEIDA,MINOCQUA L,1360,2009,C-NR,0.8900524,0.2094241,2764,2.032352941,0.24,0.76,,,,,,,
26929001988,2692900,WASHBURN,MINONG FL,1564,1988,NR,10,0,12797,8.182225064,0.00,1.00,,,,,,,
15956002009,1595600,ONEIDA,MUSKELLUNGE L,284,2009,NR,6.25,4.25,376,1.323943662,0.68,0.32,,,,,,,
23104001991,2310400,VILAS,N TURTLE L,369,1991,NR,63.4,51,3018,8.178861789,0.80,0.20,,,,,,,
16238001986,1623800,VILAS,N TWIN L,2788,1986,C-NR,11.4,7.4038462,5854,2.099713056,0.65,0.35,,,,,,,
16238001991,1623800,VILAS,N TWIN L,2788,1991,C-NR,185.6060606,11.9230769,6310,2.263271162,0.06,0.94,,,,,,,
16238001996,1623800,VILAS,N TWIN L,2788,1996,C-NR,1.2056738,1.0576923,11478,4.116929699,0.88,0.12,,,,,,,
16238001998,1623800,VILAS,N TWIN L,2788,1998,C-NR,297.9807692,45.0961538,4070,1.459827834,0.15,0.85,,,,,,,
16238002002,1623800,VILAS,N TWIN L,2788,2002,C-NR,118.1730769,55.4807692,4736,1.698708752,0.47,0.53,,,,,,,
16238002007,1623800,VILAS,N TWIN L,2788,2007,C-NR,30.2836879,12.4822695,8478,3.040889527,0.41,0.59,,,,,,,
27326002002,2732600,BAYFIELD,NAMEKAGON L,3227,2002,C-NR,4.2201835,4.0816327,16450,5.097613883,0.97,0.03,,,,,,,
27042001992,2704200,SAWYER,NELSON L,2503,1992,NR,1.6956522,0.1612903,36394,14.54015182,0.10,0.90,,,,,,,
27042001998,2704200,SAWYER,NELSON L,2503,1998,C-NR,3.0366492,0.2617801,11925,4.764282861,0.09,0.91,,,,,,,
3872002009,387200,LANGLADE,OTTER L,83,2009,NR,1.25,0.8333333,342,4.120481928,0.67,0.33,,,,,,,
29548001994,2954800,VILAS,OXBOW L,511,1994,NR,47.3134328,28.3703704,2320,4.540117417,0.60,0.40,,,,,,,
29548002008,2954800,VILAS,OXBOW L,511,2008,NR,16.4444444,9.7777778,2238,4.37964775,0.59,0.41,,,,,,,
29548002014,2954800,VILAS,OXBOW L,511,2014,NR,0.7407407,0.2962963,2646,5.178082192,0.40,0.60,,,,,,,
29629001992,2962900,VILAS,PALMER L,635,1992,C-,1.9402985,0.1492537,412,0.648818898,0.08,0.92,,,,,,,
23287001994,2328700,VILAS,PAPOOSE L,428,1994,NR,63.7878788,42.8787879,1306,3.051401869,0.67,0.33,,,,,,,
23287002004,2328700,VILAS,PAPOOSE L,428,2004,C-NR,69.3939394,7.1212121,1187,2.773364486,0.10,0.90,,,,,,,
23287002012,2328700,VILAS,PAPOOSE L,428,2012,C-NR,11.0606061,2.1212121,1031,2.408878505,0.19,0.81,,,,,,,
6537002000,653700,FLORENCE,PATTEN L,255,2000,NR,5.6410256,1.2820513,649,2.545098039,0.23,0.77,,,,,,,
6537002004,653700,FLORENCE,PATTEN L,255,2004,NR,114.6153847,16.6666667,584,2.290196078,0.15,0.85,,,,,,,
6537002011,653700,FLORENCE,PATTEN L,255,2011,NR,15.7894737,0.2564103,250,0.980392157,0.02,0.98,,,,,,,
6537002016,653700,FLORENCE,PATTEN L,255,2016,NR,8.2051282,0.7692308,503,1.97254902,0.09,0.91,,,,,,,
15799001985,1579900,ONEIDA,PELICAN L,3585,1985,NR,11.75,1.300813,15416,4.30013947,0.11,0.89,,,,,,,
15799001990,1579900,ONEIDA,PELICAN L,3585,1990,NR,0.7692308,0.3846154,10684,2.980195258,0.50,0.50,,,,,,,
15799001998,1579900,ONEIDA,PELICAN L,3585,1998,NR,136.3076923,1.3846154,10229,2.853277545,0.01,0.99,,,,,,,
15799002001,1579900,ONEIDA,PELICAN L,3585,2001,C-NR,136.1538462,6.4545455,10112,2.820641562,0.05,0.95,,,,,,,
15799002007,1579900,ONEIDA,PELICAN L,3585,2007,C-NR,12.2307692,8.2307692,10094,2.815620642,0.67,0.33,,,,,,,
15799002011,1579900,ONEIDA,PELICAN L,3585,2011,NR,19.3846154,2.8461538,8632,2.407810321,0.15,0.85,,,,,,,
15799002016,1579900,ONEIDA,PELICAN L,3585,2016,NR,204.7692308,53.7355458,18147,5.061924686,0.26,0.74,,,,,,,
22683002005,2268300,PRICE,PIKE L,806,2005,C-NR,27.2463768,14.8623853,2321,2.879652605,0.55,0.45,,,,,,,
22683002012,2268300,PRICE,PIKE L,806,2012,C-NR,21.559633,15.9633028,1267,1.571960298,0.74,0.26,,,,,,,
29492002008,2949200,IRON,PINE L,312,2008,NR,19.6666667,9,2752,8.820512821,0.46,0.54,,,,,,,
29492002014,2949200,IRON,PINE L,312,2014,NR,7,0,2064,6.615384615,0.00,1.00,,,,,,,
24905002015,2490500,POLK,PIPE L,284,2015,C-ST,0.2,0,197,0.693661972,0.00,1.00,,,,,,,
16091001994,1609100,ONEIDA,PLANTING GROUND L,1012,1994,NR,100.9722222,11.372549,2064,2.039525692,0.11,0.89,,,,,,,
15924001986,1592400,VILAS,PLUM L,1033,1986,C-NR,46.4166667,6.1702128,1560,1.510164569,0.13,0.87,,,,,,,
15924001990,1592400,VILAS,PLUM L,1033,1990,C-NR,47.5,2.9220779,2068,2.001936108,0.06,0.94,,,,,,,
15924001995,1592400,VILAS,PLUM L,1033,1995,C-NR,134.6753247,8.961039,3964,3.837366893,0.07,0.93,,,,,,,
15924002000,1592400,VILAS,PLUM L,1033,2000,C-NR,27.7922078,2.3728814,3884,3.759922556,0.09,0.91,,,,,,,
15924002003,1592400,VILAS,PLUM L,1033,2003,C-NR,32.23376625,9.0540541,5674,5.492739593,0.28,0.72,,,,,,,
15924002006,1592400,VILAS,PLUM L,1033,2006,C-NR,66.6233766,4.025974,4490,4.346563408,0.06,0.94,,,,,,,
15924002009,1592400,VILAS,PLUM L,1033,2009,NR,22.2727273,1.5584416,4964,4.805421104,0.07,0.93,,,,,,,
15924002012,1592400,VILAS,PLUM L,1033,2012,NR,14.4805195,0.7792208,3176,3.074540174,0.05,0.95,,,,,,,
15924002015,1592400,VILAS,PLUM L,1033,2015,NR,57.7272727,3.7012987,2899,2.806389158,0.06,0.94,,,,,,,
29565001990,2956500,VILAS,PRESQUE ISLE L,1280,1990,NR,12.3863636,2.9545455,3452,2.696875,0.24,0.76,,,,,,,
29565001998,2956500,VILAS,PRESQUE ISLE L,1280,1998,NR,29.3181818,11.6049383,1958,1.5296875,0.40,0.60,,,,,,,
29565002005,2956500,VILAS,PRESQUE ISLE L,1280,2005,NR,7.5,6.0227273,1934,1.5109375,0.80,0.20,,,,,,,
15953001990,1595300,ONEIDA,RAINBOW FL,2035,1990,NR,27.5,4.3049327,8745,4.297297297,0.16,0.84,,,,,,,
15953001998,1595300,ONEIDA,RAINBOW FL,2035,1998,NR,54.1860465,2.1428571,8114,3.987223587,0.04,0.96,,,,,,,
15953002012,1595300,ONEIDA,RAINBOW FL,2035,2012,NR,117.28,6.122449,6768,3.325798526,0.05,0.95,,,,,,,
10138001999,1013800,VILAS,RAZORBACK L,362,1999,C-ST,41.2328767,1.369863,2369,6.544198895,0.03,0.97,,,,,,,
10138002014,1013800,VILAS,RAZORBACK L,362,2014,C-NR,21.9178082,0.4109589,3082,8.513812155,0.02,0.98,,,,,,,
21096002005,2109600,BARRON,RED CEDAR L,1841,2005,C-NR,45.9326188,3.0761555,3733,2.027702336,0.07,0.93,,,,,,,
21096002010,2109600,BARRON,RED CEDAR L,1841,2010,C-NR,12.9559748,2.2641509,4542,2.467137425,0.17,0.83,,,,,,,
21096002016,2109600,BARRON,RED CEDAR L,1841,2016,C-ST,29.0566038,4.9685535,7777,4.224334601,0.17,0.83,,,,,,,
23275001999,2327500,VILAS,REST L,608,1999,C-NR,53.5555556,0.6666667,1867,3.070723684,0.01,0.99,,,,,,,
23275002004,2327500,VILAS,REST L,608,2004,C-NR,66.1728395,4.8888889,1994,3.279605263,0.07,0.93,,,,,,,
14691001998,1469100,TAYLOR,RIB L,320,1998,C-,10.6060606,0,2127,6.646875,0.00,1.00,,,,,,,
3784001993,378400,FOREST,ROBERTS L,414,1993,NR,34,6.4444444,2466,5.956521739,0.19,0.81,,,,,,,
3784002002,378400,FOREST,ROBERTS L,414,2002,C-NR,3.3333333,0.4444444,1084,2.618357488,0.13,0.87,,,,,,,
3784002010,378400,FOREST,ROBERTS L,414,2010,C-ST,0.2222222,0.2222222,1831,4.422705314,1.00,0.00,,,,,,,
4942002004,494200,LANGLADE,ROSE L,112,2004,C-ST,0.8219178,0,803,7.169642857,0.00,1.00,,,,,,,
23956001989,2395600,SAWYER,ROUND L,3054,1989,C-,30.3960396,5.3960396,10130,3.316961362,0.18,0.82,,,,,,,
23956001991,2395600,SAWYER,ROUND L,3054,1991,C-,58.0693069,15.0990099,9618,3.149312377,0.26,0.74,,,,,,,
16104001994,1610400,ONEIDA,ROUND L,150,1994,NR,55.9090909,8.1818182,126,0.84,0.15,0.85,,,,,,,
22678001998,2267800,PRICE,ROUND L,726,1998,C-,53.5294118,46.0784314,3658,5.038567493,0.86,0.14,,,,,,,
23956001998,2395600,SAWYER,ROUND L,3054,1998,C-NR,17.4752475,0.8910891,6399,2.095284872,0.05,0.95,,,,,,,
23956002003,2395600,SAWYER,ROUND L,3054,2003,C-NR,6.0891089,2.3267327,4039,1.322527832,0.38,0.62,,,,,,,
22678002005,2267800,PRICE,ROUND L,726,2005,C-NR,148.4470588,84.1176471,3522,4.851239669,0.57,0.43,,,,,,,
23956002010,2395600,SAWYER,ROUND L,3054,2010,C-NR,54.3069307,6.3766683,2541,0.832023576,0.12,0.88,,,,,,,
22678002012,2267800,PRICE,ROUND L,726,2012,C-NR,89.2156863,43.5294118,1639,2.257575758,0.49,0.51,,,,,,,
23956002015,2395600,SAWYER,ROUND L,3054,2015,C-NR,4.4554455,2.7722772,3672,1.202357564,0.62,0.38,,,,,,,
16237001991,1623700,VILAS,S TWIN L,642,1991,NR,108.6956522,6.4864865,27,0.042056075,0.06,0.94,,,,,,,
16237001998,1623700,VILAS,S TWIN L,642,1998,C-NR,172.1621622,52.1621622,937,1.459501558,0.30,0.70,,,,,,,
16237002002,1623700,VILAS,S TWIN L,642,2002,C-NR,25.1351351,10,1091,1.699376947,0.40,0.60,,,,,,,
24951001988,2495100,BURNETT,SAND L,962,1988,ST,10.7228916,1.726907633,768,0.798336798,0.16,0.84,,,,,,,
15970001990,1597000,ONEIDA,SAND L,540,1990,NR,11.875,4.1666667,1803,3.338888889,0.35,0.65,,,,,,,
26611001992,2661100,BARRON,SAND L,322,1992,C-ST,3.6507937,0.4761905,332,1.031055901,0.13,0.87,,,,,,,
15970001997,1597000,ONEIDA,SAND L,540,1997,NR,21.875,11.6666667,1166,2.159259259,0.53,0.47,,,,,,,
15970002005,1597000,ONEIDA,SAND L,540,2005,NR,16.0416667,14.375,2038,3.774074074,0.90,0.10,,,,,,,
23932002007,2393200,SAWYER,SAND L,928,2007,C-ST,11.372549,2.3529412,2639,2.84375,0.21,0.79,,,,,,,
23932002012,2393200,SAWYER,SAND L,928,2012,C-ST,30.3921569,4.5098039,7850,8.459051724,0.15,0.85,,,,,,,
23932002017,2393200,SAWYER,SAND L,928,2017,NR,33.3333333,6.274509804,1516,1.63362069,0.19,0.81,,,,,,,
23353002016,2335300,VILAS,SANFORD L,88,2016,NR,6.111111117,2.16666666,190,2.159090909,0.35,0.65,,,,,,,
16058001992,1605800,ONEIDA,SEVENMILE L,503,1992,NR,26.6666667,8.6885246,2444,4.858846918,0.33,0.67,,,,,,,
16058001997,1605800,ONEIDA,SEVENMILE L,503,1997,NR,3.6111111,1.2195122,1342,2.667992048,0.34,0.66,,,,,,,
24963001991,2496300,WASHBURN,SHELL L,2580,1991,NR,14.3137255,8.8235294,3900,1.511627907,0.62,0.38,,,,,,,
24963001992,2496300,WASHBURN,SHELL L,2580,1992,NR,52.5490196,0,4128,1.6,0.00,1.00,,,,,,,
24963001994,2496300,WASHBURN,SHELL L,2580,1994,NR,42.8431373,10.2941176,2704,1.048062016,0.24,0.76,,,,,,,
24963002009,2496300,WASHBURN,SHELL L,2580,2009,NR,8.877551,3.7254902,4948,1.917829457,0.42,0.58,,,,,,,
24963002013,2496300,WASHBURN,SHELL L,2580,2013,NR,117.6470588,5.2380952,1490,0.57751938,0.04,0.96,,,,,,,
18807001993,1880700,VILAS,SHERMAN L,123,1993,NR,11.7768596,1.8181818,722,5.869918699,0.15,0.85,,,,,,,
18807001994,1880700,VILAS,SHERMAN L,123,1994,NR,14.0909091,4.5454545,879,7.146341463,0.32,0.68,,,,,,,
18807001995,1880700,VILAS,SHERMAN L,123,1995,NR,219.0909091,123.1818182,800,6.504065041,0.56,0.44,,,,,,,
18807001996,1880700,VILAS,SHERMAN L,123,1996,NR,58.6363636,15.45454547,538,4.37398374,0.26,0.74,,,,,,,
18807001999,1880700,VILAS,SHERMAN L,123,1999,NR,161.3636364,30.3030303,671,5.455284553,0.19,0.81,,,,,,,
18807002000,1880700,VILAS,SHERMAN L,123,2000,NR,53.4848485,5.9090909,368,2.991869919,0.11,0.89,,,,,,,
18807002001,1880700,VILAS,SHERMAN L,123,2001,NR,32.7272727,10.4545455,301,2.447154472,0.32,0.68,,,,,,,
18807002002,1880700,VILAS,SHERMAN L,123,2002,NR,123.1818182,32.2727273,388,3.154471545,0.26,0.74,,,,,,,
18807002003,1880700,VILAS,SHERMAN L,123,2003,NR,239.0909091,31.3636364,580,4.715447154,0.13,0.87,,,,,,,
18807002004,1880700,VILAS,SHERMAN L,123,2004,NR,20.9090909,7.7272727,128,1.040650407,0.37,0.63,,,,,,,
18807002005,1880700,VILAS,SHERMAN L,123,2005,NR,208.1818182,34.20454545,227,1.845528455,0.16,0.84,,,,,,,
18807002006,1880700,VILAS,SHERMAN L,123,2006,NR,96.70454548,22.7272727,299,2.430894309,0.24,0.76,,,,,,,
18807002007,1880700,VILAS,SHERMAN L,123,2007,NR,161.3636364,65.4545455,199,1.617886179,0.41,0.59,,,,,,,
18807002008,1880700,VILAS,SHERMAN L,123,2008,NR,68.1818182,17.7272727,543,4.414634146,0.26,0.74,,,,,,,
18807002009,1880700,VILAS,SHERMAN L,123,2009,NR,25.4545455,9.0909091,366,2.975609756,0.36,0.64,,,,,,,
18807002010,1880700,VILAS,SHERMAN L,123,2010,NR,150.9090909,35.9090909,515,4.18699187,0.24,0.76,,,,,,,
18807002011,1880700,VILAS,SHERMAN L,123,2011,NR,5.9090909,3.1818182,329,2.674796748,0.54,0.46,,,,,,,
18807002012,1880700,VILAS,SHERMAN L,123,2012,NR,52.7272727,22.95454545,233,1.894308943,0.44,0.56,,,,,,,
18807002013,1880700,VILAS,SHERMAN L,123,2013,NR,45.2272727,37.7272727,434,3.528455285,0.83,0.17,,,,,,,
18807002014,1880700,VILAS,SHERMAN L,123,2014,NR,34.5454545,10.9090909,352,2.861788618,0.32,0.68,,,,,,,
18807002015,1880700,VILAS,SHERMAN L,123,2015,NR,41.3636364,12.7272727,418,3.398373984,0.31,0.69,,,,,,,
18807002016,1880700,VILAS,SHERMAN L,123,2016,NR,24.0909091,9.0909091,272,2.211382114,0.38,0.62,,,,,,,
18807002017,1880700,VILAS,SHERMAN L,123,2017,NR,17.7272727,6.363636364,396,3.219512195,0.36,0.64,,,,,,,
18811002009,1881100,BARRON,SILVER L,337,2009,C-NR,7.0454545,0.4545455,588,1.744807122,0.06,0.94,,,,,,,
28823001995,2882300,BAYFIELD,SISKIWIT L,330,1995,NR,25,13.25,905,2.742424242,0.53,0.47,,,,,,,
28823001997,2882300,BAYFIELD,SISKIWIT L,330,1997,NR,15.1875,0.666666667,1443,4.372727273,0.04,0.96,,,,,,,
28823001998,2882300,BAYFIELD,SISKIWIT L,330,1998,NR,37.91666667,1.5,3569,10.81515152,0.04,0.96,,,,,,,
28823001999,2882300,BAYFIELD,SISKIWIT L,330,1999,NR,19,7.75,1574,4.76969697,0.41,0.59,,,,,,,
28823002000,2882300,BAYFIELD,SISKIWIT L,330,2000,NR,10,3.5,2195,6.651515152,0.35,0.65,,,,,,,
28823002002,2882300,BAYFIELD,SISKIWIT L,330,2002,NR,33.75,15.08333333,1842,5.581818182,0.45,0.55,,,,,,,
28823002003,2882300,BAYFIELD,SISKIWIT L,330,2003,NR,4.583333333,2.25,964,2.921212121,0.49,0.51,,,,,,,
28823002004,2882300,BAYFIELD,SISKIWIT L,330,2004,NR,28.5,3.75,897,2.718181818,0.13,0.87,,,,,,,
28823002005,2882300,BAYFIELD,SISKIWIT L,330,2005,NR,10.75,1.5,699,2.118181818,0.14,0.86,,,,,,,
28823002006,2882300,BAYFIELD,SISKIWIT L,330,2006,NR,14.75,0.75,988,2.993939394,0.05,0.95,,,,,,,
28823002007,2882300,BAYFIELD,SISKIWIT L,330,2007,NR,2.25,1.25,818,2.478787879,0.56,0.44,,,,,,,
28823002008,2882300,BAYFIELD,SISKIWIT L,330,2008,NR,29,15,856,2.593939394,0.52,0.48,,,,,,,
28823002009,2882300,BAYFIELD,SISKIWIT L,330,2009,NR,9.5,6.75,1034,3.133333333,0.71,0.29,,,,,,,
28823002010,2882300,BAYFIELD,SISKIWIT L,330,2010,NR,40.5,11.75,583,1.766666667,0.29,0.71,,,,,,,
28823002011,2882300,BAYFIELD,SISKIWIT L,330,2011,NR,40.25,12.75,387,1.172727273,0.32,0.68,,,,,,,
28823002012,2882300,BAYFIELD,SISKIWIT L,330,2012,NR,48.75,36.5,991,3.003030303,0.75,0.25,,,,,,,
28823002013,2882300,BAYFIELD,SISKIWIT L,330,2013,NR,12.75,6.5,886,2.684848485,0.51,0.49,,,,,,,
28823002015,2882300,BAYFIELD,SISKIWIT L,330,2015,NR,13.5,4.75,1995,6.045454545,0.35,0.65,,,,,,,
28823002017,2882300,BAYFIELD,SISKIWIT L,330,2017,NR,14.25,9.5,1803,5.463636364,0.67,0.33,,,,,,,
23935002006,2393500,SAWYER,SISSABAGAMA L,719,2006,C-NR,4.8780488,1.5189873,2651,3.687065369,0.31,0.69,,,,,,,
23935002010,2393500,SAWYER,SISSABAGAMA L,719,2010,C-NR,0.3658537,0,1752,2.436717663,0.00,1.00,,,,,,,
27261001993,2726100,SAWYER,SMITH L,323,1993,NR,0.4444444,0,621,1.922600619,0.00,1.00,,,,,,,
10185002009,1018500,VILAS,SNIPE L,239,2009,NR,57.4074074,0.3703704,626,2.619246862,0.01,0.99,,,,,,,
22425001994,2242500,PRICE,SOLBERG L,859,1994,NR,76.0483871,22.8225806,4554,5.301513388,0.30,0.70,,,,,,,
15477002006,1547700,LINCOLN,SOMO L,472,2006,C-ST,1.6,0,829,1.756355932,0.00,1.00,,,,,,,
18819002012,1881900,VILAS,SPARKLING L,154,2012,C-ST,19.6296296,1.8518519,285,1.850649351,0.09,0.91,,,,,,,
23063002013,2306300,IRON,SPIDER L,352,2013,NR,1.9178082,0.9589041,473,1.34375,0.50,0.50,,,,,,,
29362002007,2936200,ASHLAND,SPILLERBERG L,75,2007,NR,117.3333333,10,386,5.146666667,0.09,0.91,,,,,,,
15068001986,1506800,LINCOLN,SPIRIT R FL,1664,1986,C-ST,28.8888889,9.3333333,3056,1.836538462,0.32,0.68,,,,,,,
15068002005,1506800,LINCOLN,SPIRIT R FL,1664,2005,C-NR,25.2380952,5,4751,2.855168269,0.20,0.80,,,,,,,
10195001991,1019500,ONEIDA,SQUASH L,396,1991,NR,12.4324324,0,2003,5.058080808,0.00,1.00,,,,,,,
10195002009,1019500,ONEIDA,SQUASH L,396,2009,NR-2,0.7142857,0,809,2.042929293,0.00,1.00,,,,,,,
10195002016,1019500,ONEIDA,SQUASH L,396,2016,C-NR,0.6756757,0.6756757,305,0.77020202,1.00,0.00,,,,,,,
22716001992,2271600,VILAS,SQUAW L,785,1992,NR,24.5555556,18.6666667,4488,5.717197452,0.76,0.24,,,,,,,
22716001993,2271600,VILAS,SQUAW L,785,1993,NR,21,14.1111111,2654,3.38089172,0.67,0.33,,,,,,,
22716001994,2271600,VILAS,SQUAW L,785,1994,NR,77.7777778,23.2222222,2948,3.755414013,0.30,0.70,,,,,,,
22716001995,2271600,VILAS,SQUAW L,785,1995,NR,34.5555556,30.5555556,2975,3.789808917,0.88,0.12,,,,,,,
22716001996,2271600,VILAS,SQUAW L,785,1996,NR,29.3333333,18.7777778,3129,3.985987261,0.64,0.36,,,,,,,
22716001998,2271600,VILAS,SQUAW L,785,1998,NR,36.8888889,14.33333333,3401,4.332484076,0.39,0.61,,,,,,,
22716002000,2271600,VILAS,SQUAW L,785,2000,NR,18.3333333,7.7777778,3005,3.828025478,0.42,0.58,,,,,,,
22716002001,2271600,VILAS,SQUAW L,785,2001,NR,69,31.5555556,2751,3.504458599,0.46,0.54,,,,,,,
22716002002,2271600,VILAS,SQUAW L,785,2002,NR,26.4444444,19.4027778,2239,2.852229299,0.73,0.27,,,,,,,
22716002006,2271600,VILAS,SQUAW L,785,2006,NR,14.3333333,4.6666667,4256,5.421656051,0.33,0.67,,,,,,,
22716002007,2271600,VILAS,SQUAW L,785,2007,NR,25.1111111,21,3947,5.028025478,0.84,0.16,,,,,,,
22716002009,2271600,VILAS,SQUAW L,785,2009,NR,13.1111111,7.4444444,2608,3.322292994,0.57,0.43,,,,,,,
22716002012,2271600,VILAS,SQUAW L,785,2012,NR,27.1111111,24.8888889,3809,4.852229299,0.92,0.08,,,,,,,
22716002013,2271600,VILAS,SQUAW L,785,2013,NR,4.7777778,4.5555556,2397,3.053503185,0.95,0.05,,,,,,,
15363001986,1536300,ONEIDA,SQUIRREL L,1317,1986,NR,83.8834951,20.25,10646,8.083523159,0.24,0.76,,,,,,,
15363001990,1536300,ONEIDA,SQUIRREL L,1317,1990,NR,18.5384615,8.1294964,6544,4.968868641,0.44,0.56,,,,,,,
15363001991,1536300,ONEIDA,SQUIRREL L,1317,1991,NR,74.676259,59.7122302,7292,5.53682612,0.80,0.20,,,,,,,
15363001992,1536300,ONEIDA,SQUIRREL L,1317,1992,NR,76.7625899,26.8907563,7500,5.69476082,0.35,0.65,,,,,,,
15363001994,1536300,ONEIDA,SQUIRREL L,1317,1994,NR,129.1366906,22.6618705,7562,5.741837509,0.18,0.82,,,,,,,
15363001995,1536300,ONEIDA,SQUIRREL L,1317,1995,NR,23.3093525,22.0863309,8356,6.344722855,0.95,0.05,,,,,,,
15363001996,1536300,ONEIDA,SQUIRREL L,1317,1996,NR,86.4748201,35.971223,8610,6.537585421,0.42,0.58,,,,,,,
15363001997,1536300,ONEIDA,SQUIRREL L,1317,1997,NR,30.647482,17.4820144,8482,6.440394837,0.57,0.43,,,,,,,
15363001998,1536300,ONEIDA,SQUIRREL L,1317,1998,NR,148.9928058,17.7697842,7164,5.439635535,0.12,0.88,,,,,,,
15363001999,1536300,ONEIDA,SQUIRREL L,1317,1999,NR,22.1582734,20.8633094,7079,5.375094913,0.94,0.06,,,,,,,
15363002000,1536300,ONEIDA,SQUIRREL L,1317,2000,NR,50.7913669,8.3453237,5485,4.164768413,0.16,0.84,,,,,,,
15363002001,1536300,ONEIDA,SQUIRREL L,1317,2001,NR,94.6043165,26.9784173,7679,5.830675778,0.29,0.71,,,,,,,
15363002002,1536300,ONEIDA,SQUIRREL L,1317,2002,NR,64.9640288,32.6618705,7880,5.983295368,0.50,0.50,,,,,,,
15363002003,1536300,ONEIDA,SQUIRREL L,1317,2003,NR,43.0215827,13.2846715,5324,4.042520881,0.31,0.69,,,,,,,
15363002005,1536300,ONEIDA,SQUIRREL L,1317,2005,NR,1.942446,0.7194245,5249,3.985573273,0.37,0.63,,,,,,,
15363002006,1536300,ONEIDA,SQUIRREL L,1317,2006,NR,156.618705,44.1726619,6957,5.282460137,0.28,0.72,,,,,,,
15363002007,1536300,ONEIDA,SQUIRREL L,1317,2007,NR,16.7625899,9.6402878,9244,7.018982536,0.58,0.42,,,,,,,
15363002008,1536300,ONEIDA,SQUIRREL L,1317,2008,NR,13.5251799,6.8181818,5388,4.091116173,0.50,0.50,,,,,,,
15363002009,1536300,ONEIDA,SQUIRREL L,1317,2009,NR,17.1818182,5.3956835,6304,4.786636295,0.31,0.69,,,,,,,
15363002010,1536300,ONEIDA,SQUIRREL L,1317,2010,NR,6.9064748,3.2089552,5107,3.877752468,0.46,0.54,,,,,,,
15363002011,1536300,ONEIDA,SQUIRREL L,1317,2011,NR,44.5522388,16.1538462,5732,4.352315869,0.36,0.64,,,,,,,
15363002012,1536300,ONEIDA,SQUIRREL L,1317,2012,NR,24.8461538,2.0863309,3352,2.545178436,0.08,0.92,,,,,,,
15363002013,1536300,ONEIDA,SQUIRREL L,1317,2013,NR,46.6906475,13.0935252,3445,2.61579347,0.28,0.72,,,,,,,
15363002014,1536300,ONEIDA,SQUIRREL L,1317,2014,NR,25.3956835,17.4820144,4920,3.735763098,0.69,0.31,,,,,,,
15363002015,1536300,ONEIDA,SQUIRREL L,1317,2015,NR,48.7769784,9.8561151,5207,3.953682612,0.20,0.80,,,,,,,
15363002016,1536300,ONEIDA,SQUIRREL L,1317,2016,NR,68.705036,25.7553957,3958,3.00531511,0.37,0.63,,,,,,,
15363002017,1536300,ONEIDA,SQUIRREL L,1317,2017,NR,14.1726619,12.8057554,4584,3.480637813,0.90,0.10,,,,,,,
15931001986,1593100,VILAS,STAR L,1206,1986,NR,42.7586207,0.8547009,4713,3.907960199,0.02,0.98,,,,,,,
15931001987,1593100,VILAS,STAR L,1206,1987,NR,75.042735,5.942029,3366,2.791044776,0.08,0.92,,,,,,,
15931001996,1593100,VILAS,STAR L,1206,1996,NR,18.2051282,0.3418803,4075,3.37893864,0.02,0.98,,,,,,,
15931001997,1593100,VILAS,STAR L,1206,1997,NR,56.1538462,13.5042735,5474,4.538971808,0.24,0.76,,,,,,,
15931002005,1593100,VILAS,STAR L,1206,2005,C-NR,63.1623932,16.0683761,4295,3.561359867,0.25,0.75,,,,,,,
15931002011,1593100,VILAS,STAR L,1206,2011,NR,337.008547,32.3931624,4622,3.832504146,0.10,0.90,,,,,,,
15931002016,1593100,VILAS,STAR L,1206,2016,NR,113.6752137,3.5042735,2759,2.287728027,0.03,0.97,,,,,,,
18841002010,1884100,WASHBURN,STONE L,523,2010,C-NR,3,0,458,0.875717017,0.00,1.00,,,,,,,
15896001988,1589600,ONEIDA,SWEENEY L,187,1988,ST,4.5454545,0.9090909,277,1.481283422,0.20,0.80,,,,,,,
24170001990,2417000,SAWYER,TEAL L,1049,1990,NR,2.75,1.8644068,4645,4.428026692,0.68,0.32,,,,,,,
24170002004,2417000,SAWYER,TEAL L,1049,2004,NR,10.3389831,5.1694915,5521,5.263107722,0.50,0.50,,,,,,,
29624001995,2962400,VILAS,TENDERFOOT L,437,1995,NR,79.0909091,14.3939394,2719,6.221967963,0.18,0.82,,,,,,,
15427001992,1542700,ONEIDA,TOMAHAWK L,3392,1992,C-,5.5714286,0.6060606,8175,2.410082547,0.11,0.89,,,,,,,
15427001998,1542700,ONEIDA,TOMAHAWK L,3392,1998,C-,29.0461538,0.6508876,8125,2.395341981,0.02,0.98,,,,,,,
15427002000,1542700,ONEIDA,TOMAHAWK L,3392,2000,C-ST,70.1183432,2.8994083,4857,1.431898585,0.04,0.96,,,,,,,
15427002002,1542700,ONEIDA,TOMAHAWK L,3392,2002,C-ST,1.7460317,0,8281,2.441332547,0.00,1.00,,,,,,,
15427002004,1542700,ONEIDA,TOMAHAWK L,3392,2004,C-ST,1.183432,0.1775148,7492,2.208726415,0.15,0.85,,,,,,,
23316001994,2331600,VILAS,TROUT L,3816,1994,C-ST,11.0055866,0.726257,9673,2.534853249,0.07,0.93,,,,,,,
23316001997,2331600,VILAS,TROUT L,3816,1997,C-ST,28.3798883,9.1860465,8156,2.137316562,0.32,0.68,,,,,,,
23316002000,2331600,VILAS,TROUT L,3816,2000,C-ST,0.6145251,0,8994,2.356918239,0.00,1.00,,,,,,,
23316002001,2331600,VILAS,TROUT L,3816,2001,C-ST,43.4545455,15.0837989,7788,2.040880503,0.35,0.65,,,,,,,
23316002003,2331600,VILAS,TROUT L,3816,2003,C-ST,34.8603352,9.98706895,7392,1.937106918,0.29,0.71,,,,,,,
23316002004,2331600,VILAS,TROUT L,3816,2004,C-ST,2.4612069,2.122905,6520,1.708595388,0.86,0.14,,,,,,,
23316002007,2331600,VILAS,TROUT L,3816,2007,C-ST,18.9385475,3.7988827,11905,3.11975891,0.20,0.80,,,,,,,
23316002010,2331600,VILAS,TROUT L,3816,2010,C-ST,3.2960894,0.3351955,5759,1.509171908,0.10,0.90,,,,,,,
23316002013,2331600,VILAS,TROUT L,3816,2013,C-ST,26.424581,2.0111732,10016,2.624737945,0.08,0.92,,,,,,,
23316002016,2331600,VILAS,TROUT L,3816,2016,C-ST,3.3519553,0.0558659,6127,1.605607966,0.02,0.98,,,,,,,
22952001992,2295200,IRON,TRUDE L,781,1992,NR,114,11.9148936,3920,5.019206146,0.10,0.90,,,,,,,
22952002009,2295200,IRON,TRUDE L,781,2009,NR,160.7017544,12.3376623,4437,5.681177977,0.08,0.92,,,,,,,
22952002016,2295200,IRON,TRUDE L,781,2016,NR,29.2982456,8.8235294,1818,2.327784891,0.30,0.70,,,,,,,
22685001991,2268500,PRICE,TURNER L,149,1991,NR,5.3846154,1.9230769,1680,11.27516779,0.36,0.64,,,,,,,
22949001997,2294900,IRON,TURTLE-FLAMBEAU FL,13545,1997,NR,111.1441177,8.046875,54771,4.043632337,0.07,0.93,,,,,,,
22949002009,2294900,IRON,TURTLE-FLAMBEAU FL,13545,2009,NR,185.8946479,10.5729167,54208,4.002067183,0.06,0.94,,,,,,,
22949002016,2294900,IRON,TURTLE-FLAMBEAU FL,13545,2016,NR,52.6159555,18.6341463,36855,2.720930233,0.35,0.65,,,,,,,
29031001991,2903100,BAYFIELD,TWIN BEAR L,172,1991,NR,24.6153846,3.0769231,728,4.23255814,0.13,0.87,,,,,,,
29031002001,2903100,BAYFIELD,TWIN BEAR L,172,2001,NR,78.974359,0,1029,5.98255814,0.00,1.00,,,,,,,
29031002010,2903100,BAYFIELD,TWIN BEAR L,172,2010,NR,3.8461538,0,350,2.034883721,0.00,1.00,,,,,,,
15882001988,1588200,ONEIDA,TWO SISTERS L,719,1988,ST,4.1935484,1.75,1487,2.068150209,0.42,0.58,,,,,,,
15882001992,1588200,ONEIDA,TWO SISTERS L,719,1992,ST,4.3010753,1.4516129,2245,3.122392211,0.34,0.66,,,,,,,
15882002002,1588200,ONEIDA,TWO SISTERS L,719,2002,C-NR,3.1182796,0.6451613,2714,3.774687065,0.21,0.79,,,,,,,
15882002005,1588200,ONEIDA,TWO SISTERS L,719,2005,C-NR,7.2043011,0,2004,2.787204451,0.00,1.00,,,,,,,
15882002008,1588200,ONEIDA,TWO SISTERS L,719,2008,C-NR,2.7956989,0,1976,2.748261474,0.00,1.00,,,,,,,
15882002011,1588200,ONEIDA,TWO SISTERS L,719,2011,C-NR,15.6043956,0.326087,995,1.383866481,0.02,0.98,,,,,,,
15882002014,1588200,ONEIDA,TWO SISTERS L,719,2014,C-NR,0.326087,0,1989,2.766342142,0.00,1.00,,,,,,,
27427001991,2742700,BAYFIELD,UPPER EAU CLAIRE L,996,1991,C-NR,1.8918919,0.5405405,2383,2.392570281,0.29,0.71,,,,,,,
27427001993,2742700,BAYFIELD,UPPER EAU CLAIRE L,996,1993,C-NR,3.1531532,0.4504505,2415,2.424698795,0.14,0.86,,,,,,,
27427001999,2742700,BAYFIELD,UPPER EAU CLAIRE L,996,1999,C-ST,3.2432432,0.9,1688,1.694779116,0.28,0.72,,,,,,,
27427002004,2742700,BAYFIELD,UPPER EAU CLAIRE L,996,2004,C-NR,20.990991,1.7117117,2015,2.023092369,0.08,0.92,,,,,,,
27427002011,2742700,BAYFIELD,UPPER EAU CLAIRE L,996,2011,C-NR,1.4414414,0,558,0.560240964,0.00,1.00,,,,,,,
27473001992,2747300,DOUGLAS,UPPER ST CROIX L,855,1992,C-NR,4.893617,2.1,2933,3.430409357,0.43,0.57,,,,,,,
27473002009,2747300,DOUGLAS,UPPER ST CROIX L,855,2009,C-NR,2.8,0.1,2570,3.005847953,0.04,0.96,,,,,,,
20798002008,2079800,BARRON,UPPER TURTLE L,438,2008,C-NR,3.9583333,0.2083333,391,0.892694064,0.05,0.95,,,,,,,
20798002011,2079800,BARRON,UPPER TURTLE L,438,2011,C-NR,3.9583333,0,469,1.070776256,0.00,1.00,,,,,,,
4398001994,439800,OCONTO,WHEELER L,293,1994,NR,24.4186047,0.6521739,2983,10.18088737,0.03,0.97,,,,,,,
4398001997,439800,OCONTO,WHEELER L,293,1997,NR,6.7391304,2.3913043,1507,5.14334471,0.35,0.65,,,,,,,
23391001989,2339100,VILAS,WHITE SAND L,734,1989,C-ST,0.9090909,0,1755,2.391008174,0.00,1.00,,,,,,,
26940001991,2694000,DOUGLAS,WHITEFISH L,832,1991,C-NR,10.7246377,10.2,1968,2.365384615,0.95,0.05,,,,,,,
26940002001,2694000,DOUGLAS,WHITEFISH L,832,2001,C-NR,42.0289855,3.7681159,974,1.170673077,0.09,0.91,,,,,,,
23920002002,2392000,SAWYER,WHITEFISH L,786,2002,C-ST,6.9135802,4.1975309,1244,1.582697201,0.61,0.39,,,,,,,
26940002005,2694000,DOUGLAS,WHITEFISH L,832,2005,NR,26.5217391,3.7681159,880,1.057692308,0.14,0.86,,,,,,,
26940002014,2694000,DOUGLAS,WHITEFISH L,832,2014,NR,2.4637681,0.4347826,2512,3.019230769,0.18,0.82,,,,,,,
20465002011,2046500,SAWYER,WINDFALL L,102,2011,NR,37.5,0.625,1402,13.74509804,0.02,0.98,,,,,,,
20466001993,2046600,SAWYER,WINDIGO L,522,1993,NR,3.5555556,0.3333333,1275,2.442528736,0.09,0.91,,,,,,,
20466002016,2046600,SAWYER,WINDIGO L,522,2016,C-NR,15.7777778,0.6896552,1063,2.036398467,0.04,0.96,,,,,,,
23361001993,2336100,VILAS,WOLF L,393,1993,NR,13.4090909,5,784,1.994910941,0.37,0.63,,,,,,,
23361001994,2336100,VILAS,WOLF L,393,1994,NR,64.5454545,13.8636364,1174,2.987277354,0.21,0.79,,,,,,,
23361001995,2336100,VILAS,WOLF L,393,1995,NR,85.9090909,54.5454545,1893,4.816793893,0.63,0.37,,,,,,,
23361001996,2336100,VILAS,WOLF L,393,1996,NR,18.1818182,6.5909091,1382,3.51653944,0.36,0.64,,,,,,,
23361001997,2336100,VILAS,WOLF L,393,1997,NR,164.5454545,39.7727273,1971,5.015267176,0.24,0.76,,,,,,,
23361001998,2336100,VILAS,WOLF L,393,1998,NR,121.3636364,5.6818182,2602,6.62086514,0.05,0.95,,,,,,,
23361001999,2336100,VILAS,WOLF L,393,1999,NR,69.7727273,12.5,2245,5.712468193,0.18,0.82,,,,,,,
23361002000,2336100,VILAS,WOLF L,393,2000,NR,0.4545455,0,1773,4.511450382,0.00,1.00,,,,,,,
23361002002,2336100,VILAS,WOLF L,393,2002,NR,30.4545455,8.8636364,2907,7.396946565,0.29,0.71,,,,,,,
23361002003,2336100,VILAS,WOLF L,393,2003,NR,15.2272727,2.2727273,2236,5.68956743,0.15,0.85,,,,,,,
23361002004,2336100,VILAS,WOLF L,393,2004,NR,49.3181818,3.8636364,1697,4.318066158,0.08,0.92,,,,,,,
23361002005,2336100,VILAS,WOLF L,393,2005,NR,54.0909091,17.0454545,1531,3.8956743,0.32,0.68,,,,,,,
26752001996,2675200,BURNETT,YELLOW L,2287,1996,C-,10.2531646,3.0379747,8348,3.650196764,0.30,0.70,,,,,,,
26752002014,2675200,BURNETT,YELLOW L,2287,2014,C-NR,4.1772152,1.4705882,6987,3.05509401,0.35,0.65,,,,,,,
